,EUI,Score
0,115.1,20
1,102.3,9
2,97.2,57
3,105.2,50
4,74.6,78
5,88.9,43
6,126.9,5
7,94.4,48
8,117.2,9
9,56.6,74
10,73.8,98
11,49.9,93
12,79.6,81
13,122.0,67
14,134.8,6
15,75.8,95
16,93.6,84
17,111.6,47
18,81.9,13
19,119.9,4
20,97.9,55
21,64.4,20
22,32.2,100
23,100.5,21
24,98.8,40
25,88.2,69
26,123.0,8
27,146.9,2
28,124.3,21
29,112.0,36
30,151.1,80
31,82.8,86
32,133.4,9
33,90.2,65
34,135.5,14
35,142.1,12
36,53.4,65
37,111.8,39
38,83.6,66
39,84.1,76
40,86.9,59
41,108.8,27
42,65.2,94
43,56.7,95
44,89.9,57
45,110.3,66
46,99.3,77
47,126.9,5
48,44.2,56
49,137.7,28
50,112.1,53
51,107.8,58
52,77.0,79
53,144.3,3
54,134.6,3
55,67.5,85
56,83.2,54
57,95.1,69
58,89.9,27
59,108.7,8
60,99.5,23
61,123.4,11
62,98.2,54
63,153.6,1
64,119.8,1
65,25.2,100
66,53.6,88
67,84.7,39
68,62.3,45
69,85.3,1
70,72.3,94
71,45.7,100
72,99.1,29
73,78.1,38
74,34.4,98
75,69.1,79
76,69.8,43
77,99.3,19
78,59.1,94
79,68.3,74
80,79.7,30
81,148.9,1
82,99.6,49
83,35.0,91
84,71.4,17
85,154.6,2
86,134.5,10
87,96.8,25
88,77.8,4
89,65.4,78
90,76.3,77
91,80.8,53
92,124.9,7
93,78.6,23
94,62.4,75
95,83.6,50
96,80.7,73
97,65.6,75
98,56.2,95
99,64.2,83
100,53.1,68
101,80.7,58
102,76.4,62
103,50.1,90
104,65.4,79
105,81.8,46
106,73.5,50
107,140.9,1
108,68.8,75
109,77.7,95
110,99.4,56
111,82.1,84
112,45.7,81
113,85.3,72
114,96.2,58
115,90.3,78
116,82.5,78
117,91.6,9
118,88.0,70
119,99.5,46
120,108.8,31
121,65.6,53
122,69.5,84
123,81.4,63
124,55.9,94
125,69.9,92
126,83.8,52
127,81.5,87
128,88.3,95
129,82.6,64
130,70.7,81
131,91.2,27
132,88.4,67
133,83.4,60
134,84.0,69
135,108.4,61
136,114.6,45
137,96.8,58
138,88.7,57
139,111.8,26
140,70.3,78
141,77.7,97
142,79.3,80
143,113.2,37
144,82.6,70
145,52.3,78
146,80.8,65
147,71.2,98
148,64.2,65
149,87.7,37
150,63.2,91
151,99.7,26
152,97.8,28
153,73.3,30
154,69.5,65
155,97.6,3
156,91.1,68
157,95.0,11
158,132.6,64
159,73.9,98
160,127.7,59
161,97.4,90
162,108.9,83
163,100.7,90
164,84.0,92
165,98.7,91
166,60.9,96
167,36.1,88
168,68.4,9
169,74.7,84
170,41.2,53
171,83.3,74
172,98.1,48
173,77.3,29
174,95.7,57
175,73.8,92
176,85.9,24
177,70.8,54
178,102.2,31
179,68.8,92
180,58.6,76
181,81.1,76
182,98.4,45
183,80.7,62
184,99.5,26
185,96.0,46
186,63.3,79
187,97.8,21
188,77.1,73
189,85.2,49
190,73.5,82
191,90.1,51
192,97.0,49
193,95.2,43
194,81.5,79
195,88.3,42
196,95.1,45
197,149.7,7
198,61.8,62
199,60.8,31
200,95.0,32
201,94.7,45
202,100.4,38
203,82.4,44
204,153.7,1
205,54.8,81
206,78.2,67
207,67.8,37
208,85.8,15
209,85.6,38
210,89.3,80
211,109.9,56
212,117.5,18
213,68.2,90
214,98.5,60
215,77.8,82
216,65.8,90
217,67.3,88
218,80.9,88
219,71.1,59
220,91.2,52
221,81.2,61
222,68.4,77
223,70.3,70
224,113.4,1
225,65.6,96
226,74.4,85
227,77.8,65
228,104.0,52
229,91.9,63
230,94.1,52
231,102.7,46
232,96.6,52
233,98.6,45
234,86.0,87
235,66.0,98
236,105.8,51
237,140.9,4
238,118.8,18
239,117.8,19
240,95.2,25
241,91.4,74
242,65.5,83
243,72.9,75
244,86.2,59
245,98.9,62
246,85.8,84
247,108.2,30
248,78.3,75
249,77.8,87
250,84.5,55
251,98.0,52
252,74.8,77
253,90.2,54
254,104.6,38
255,86.0,61
256,86.4,57
257,88.1,54
258,115.0,22
259,106.4,33
260,77.4,74
261,90.3,50
262,76.8,82
263,103.8,48
264,85.6,83
265,69.5,95
266,90.3,70
267,76.7,77
268,93.4,9
269,74.2,82
270,89.1,43
271,80.6,41
272,65.7,46
273,82.0,9
274,73.6,16
275,91.5,12
276,80.2,6
277,71.0,52
278,79.2,43
279,96.3,35
280,96.6,45
281,111.9,29
282,92.3,53
283,117.7,19
284,91.7,40
285,86.5,37
286,90.5,77
287,124.4,23
288,98.6,66
289,111.2,73
290,42.2,100
291,84.9,89
292,87.7,82
293,61.0,91
294,81.1,77
295,68.8,85
296,139.1,10
297,102.0,18
298,25.2,100
299,65.6,79
300,140.7,8
301,56.1,49
302,61.3,95
303,71.6,86
304,126.3,16
305,84.9,76
306,111.0,29
307,128.4,24
308,71.9,82
309,89.5,37
310,85.2,51
311,80.3,46
312,72.9,79
313,58.0,80
314,65.2,96
315,64.7,47
316,82.0,47
317,62.3,78
318,80.1,65
319,74.8,59
320,83.1,57
321,66.2,92
322,68.1,84
323,84.1,95
324,92.7,38
325,70.2,39
326,76.8,80
327,102.7,33
328,24.2,100
329,78.0,84
330,77.9,73
331,65.9,92
332,78.9,88
333,90.6,67
334,79.9,70
335,119.3,10
336,84.2,79
337,73.9,82
338,70.2,58
339,77.1,76
340,70.1,89
341,103.3,72
342,110.0,46
343,72.6,78
344,105.3,28
345,89.1,51
346,81.1,59
347,87.3,67
348,44.7,98
349,108.4,37
350,50.5,58
351,73.7,100
352,80.2,92
353,84.8,36
354,82.4,63
355,71.5,81
356,77.8,59
357,91.6,13
358,39.2,99
359,84.3,59
360,81.6,69
361,82.1,61
362,62.8,62
363,67.0,93
364,108.3,59
365,91.5,60
366,96.7,49
367,74.2,83
368,94.1,49
369,82.1,55
370,79.1,65
371,87.2,48
372,126.3,14
373,73.3,90
374,103.1,38
375,78.7,53
376,86.6,87
377,82.6,66
378,94.0,51
379,96.7,43
380,101.4,20
381,108.5,41
382,121.8,12
383,139.3,21
384,102.2,51
385,85.3,48
386,100.9,100
387,125.8,21
388,93.8,88
389,111.5,61
390,92.8,61
391,87.3,58
392,93.9,27
393,131.8,11
394,109.8,24
395,129.4,35
396,105.3,16
397,110.9,35
398,110.5,24
399,129.7,9
400,126.1,13
401,88.9,56
402,92.0,49
403,108.0,34
404,87.2,65
405,63.7,88
406,112.4,28
407,87.0,59
408,123.1,13
409,100.4,38
410,94.2,65
411,97.7,66
412,67.2,91
413,105.5,60
414,73.7,82
415,80.7,47
416,83.5,46
417,87.7,43
418,128.1,10
419,67.8,75
420,94.3,50
421,94.3,43
422,71.7,76
423,81.2,83
424,124.1,26
425,67.6,81
426,80.1,71
427,81.9,53
428,69.0,85
429,59.9,79
430,93.9,50
431,109.2,65
432,61.3,43
433,109.1,69
434,65.3,87
435,136.0,31
436,109.2,69
437,109.7,65
438,77.9,73
439,120.6,14
440,93.5,54
441,114.9,29
442,120.5,25
443,79.6,77
444,78.7,79
445,52.0,75
446,25.8,100
447,49.1,96
448,79.5,72
449,83.4,95
450,66.2,80
451,76.5,72
452,86.8,78
453,66.1,93
454,91.6,52
455,59.4,94
456,83.3,72
457,90.4,65
458,134.2,12
459,88.2,69
460,79.8,69
461,47.7,100
462,79.7,70
463,126.1,19
464,73.8,79
465,116.7,22
466,71.7,78
467,91.3,59
468,72.7,77
469,93.6,76
470,119.0,34
471,78.6,77
472,107.3,30
473,87.3,62
474,69.1,76
475,75.7,83
476,76.9,82
477,91.6,49
478,89.6,37
479,79.7,76
480,78.6,96
481,83.8,28
482,98.4,51
483,82.4,71
484,106.4,7
485,70.9,25
486,85.0,78
487,57.0,97
488,86.3,55
489,101.3,56
490,120.8,24
491,93.5,62
492,91.2,71
493,84.3,72
494,89.0,12
495,95.2,53
496,79.7,14
497,148.1,5
498,79.0,50
499,84.6,15
500,89.0,67
501,97.0,55
502,116.0,15
503,52.0,99
504,60.8,9
505,80.1,92
506,88.9,71
507,131.0,20
508,37.2,66
509,101.7,11
510,113.6,17
511,93.6,31
512,73.9,92
513,79.3,80
514,89.5,18
515,81.6,26
516,89.7,49
517,83.7,59
518,89.6,61
519,123.4,28
520,83.4,25
521,100.9,60
522,82.6,77
523,146.5,15
524,105.6,55
525,146.3,17
526,56.1,91
527,65.7,42
528,86.3,37
529,75.0,26
530,81.6,41
531,129.2,8
532,119.3,40
533,76.8,97
534,118.4,43
535,68.6,94
536,68.5,96
537,120.5,43
538,129.0,55
539,115.5,33
540,87.7,61
541,58.1,98
542,73.9,92
543,71.2,93
544,73.1,89
545,102.1,52
546,104.4,36
547,147.3,10
548,104.4,46
549,130.1,19
550,111.6,25
551,110.9,47
552,101.7,42
553,83.7,65
554,71.6,88
555,69.3,90
556,107.2,70
557,96.6,59
558,126.4,10
559,120.1,2
560,81.2,77
561,81.1,62
562,91.2,45
563,56.9,90
564,64.6,52
565,105.1,13
566,61.3,95
567,114.0,12
568,59.9,61
569,85.4,42
570,99.1,14
571,83.1,74
572,112.9,86
573,58.6,68
574,125.0,11
575,96.7,55
576,84.7,66
577,73.3,79
578,130.5,59
579,88.5,83
580,82.9,67
581,138.7,12
582,147.6,6
583,110.4,32
584,110.9,35
585,111.0,33
586,95.0,36
587,147.6,13
588,121.3,30
589,124.0,30
590,83.5,67
591,76.1,85
592,82.9,70
593,79.2,62
594,70.1,83
595,138.5,23
596,90.8,63
597,120.9,14
598,64.2,88
599,78.2,74
600,112.7,33
601,95.4,48
602,115.3,34
603,84.8,48
604,138.1,8
605,101.4,52
606,121.1,10
607,72.2,81
608,68.2,84
609,65.4,88
610,85.9,36
611,56.9,94
612,74.6,72
613,66.0,84
614,102.8,38
615,60.2,95
616,63.0,87
617,86.3,41
618,87.9,66
619,88.8,20
620,96.6,44
621,90.9,48
622,110.2,41
623,121.5,28
624,86.2,62
625,64.3,85
626,105.1,44
627,85.8,71
628,105.0,32
629,90.4,44
630,81.9,51
631,76.9,58
632,105.1,22
633,81.6,66
634,97.7,26
635,82.1,68
636,109.9,39
637,116.0,4
638,116.8,9
639,100.4,50
640,99.0,37
641,99.4,52
642,88.1,62
643,98.1,43
644,154.0,12
645,66.3,77
646,88.9,61
647,113.6,20
648,90.4,49
649,59.2,96
650,103.9,61
651,118.9,11
652,83.3,17
653,83.6,54
654,96.9,46
655,119.2,34
656,102.7,34
657,138.2,12
658,114.3,21
659,67.2,90
660,81.2,75
661,120.3,41
662,87.2,55
663,93.4,65
664,98.5,37
665,82.4,19
666,91.8,63
667,96.8,62
668,106.4,33
669,76.5,87
670,95.2,61
671,83.3,76
672,115.4,25
673,81.7,81
674,133.2,18
675,112.6,30
676,142.6,14
677,103.3,54
678,131.9,9
679,100.3,58
680,67.4,89
681,63.4,92
682,116.6,28
683,106.3,46
684,102.0,46
685,99.4,51
686,123.3,32
687,104.4,41
688,127.5,31
689,80.9,71
690,45.9,33
691,89.5,66
692,104.6,52
693,71.7,84
694,106.3,33
695,62.0,86
696,98.3,21
697,146.4,6
698,94.0,45
699,103.3,32
700,92.9,54
701,141.3,11
702,72.5,67
703,96.9,54
704,94.8,58
705,114.6,41
706,103.1,49
707,104.2,51
708,115.7,30
709,71.3,76
710,102.3,60
711,134.7,4
712,114.6,15
713,125.8,38
714,76.1,79
715,140.1,26
716,77.7,81
717,92.2,45
718,93.1,56
719,89.7,72
720,128.6,17
721,66.4,90
722,108.6,35
723,98.4,35
724,113.2,15
725,91.9,48
726,78.9,85
727,63.1,90
728,83.0,71
729,121.6,34
730,141.2,22
731,96.8,58
732,96.1,85
733,113.7,33
734,71.9,80
735,95.6,31
736,77.6,82
737,110.2,37
738,78.9,73
739,86.1,68
740,108.9,39
741,92.0,35
742,83.4,75
743,123.9,26
744,117.4,43
745,86.5,52
746,66.3,78
747,118.6,29
748,104.1,33
749,109.6,25
750,120.2,54
751,72.8,84
752,80.5,62
753,86.8,62
754,80.0,85
755,94.4,32
756,76.0,76
757,55.4,84
758,105.8,60
759,93.4,39
760,41.3,88
761,85.1,20
762,101.1,29
763,79.1,64
764,59.3,89
765,72.5,86
766,99.1,66
767,121.3,2
768,103.8,33
769,91.5,27
770,56.1,92
771,95.3,33
772,69.1,85
773,94.5,36
774,55.0,92
775,107.0,15
776,84.5,44
777,72.2,96
778,103.4,46
779,76.5,79
780,75.3,69
781,94.0,33
782,79.8,85
783,107.6,38
784,89.1,57
785,141.3,31
786,122.8,62
787,50.8,86
788,115.0,70
789,88.2,31
790,72.0,68
791,126.6,14
792,69.7,71
793,62.6,88
794,115.4,69
795,70.8,94
796,70.3,38
797,115.3,3
798,105.2,48
799,101.9,45
800,101.3,54
801,119.6,1
802,63.8,72
803,111.0,75
804,94.9,37
805,100.3,9
806,79.3,50
807,125.6,14
808,42.7,97
809,66.2,94
810,81.2,72
811,129.5,6
812,104.6,47
813,97.1,70
814,105.5,59
815,110.6,56
816,26.4,100
817,114.6,32
818,75.6,88
819,126.5,19
820,82.4,78
821,100.8,57
822,66.7,84
823,35.0,100
824,94.2,52
825,120.4,22
826,86.8,50
827,105.3,61
828,47.9,98
829,82.7,66
830,71.5,80
831,85.0,68
832,112.6,4
833,81.9,6
834,103.5,54
835,120.3,53
836,114.3,46
837,94.1,64
838,80.0,96
839,114.9,84
840,63.5,90
841,41.1,79
842,88.0,73
843,79.0,69
844,86.1,17
845,78.7,97
846,100.1,30
847,39.6,77
848,52.2,55
849,80.7,32
850,95.0,1
851,70.0,60
852,83.4,91
853,81.4,74
854,94.3,1
855,71.3,87
856,76.2,75
857,140.3,1
858,71.8,75
859,96.1,52
860,67.8,92
861,85.8,22
862,73.5,76
863,79.0,58
864,76.7,57
865,89.4,48
866,80.9,50
867,99.4,22
868,74.3,84
869,34.3,100
870,79.6,60
871,74.5,75
872,108.1,20
873,43.2,93
874,133.9,1
875,94.4,30
876,80.0,57
877,30.8,100
878,99.0,46
879,49.2,86
880,55.8,79
881,92.0,7
882,58.5,88
883,73.4,89
884,73.4,42
885,93.3,50
886,100.6,33
887,57.1,97
888,83.5,71
889,53.5,77
890,93.5,51
891,42.7,100
892,89.1,18
893,104.8,33
894,111.5,32
895,82.3,9
896,90.0,47
897,32.7,92
898,83.8,72
899,36.2,99
900,132.7,1
901,70.0,50
902,112.1,35
903,86.8,52
904,65.2,81
905,83.8,34
906,101.8,24
907,77.0,49
908,76.7,75
909,68.5,76
910,67.6,33
911,115.1,2
912,83.7,47
913,135.7,3
914,127.4,8
915,81.7,100
916,83.9,42
917,126.3,19
918,128.8,2
919,93.6,48
920,96.0,22
921,96.8,32
922,46.3,92
923,58.7,84
924,93.2,49
925,49.2,98
926,80.7,58
927,57.9,93
928,73.6,80
929,75.6,81
930,84.8,78
931,104.0,5
932,45.7,95
933,48.2,100
934,113.0,11
935,103.7,41
936,121.8,28
937,119.5,19
938,63.2,34
939,75.1,68
940,105.5,49
941,71.2,92
942,78.3,21
943,78.8,36
944,79.5,24
945,82.2,13
946,77.3,72
947,37.9,97
948,95.6,10
949,120.9,8
950,78.2,69
951,99.8,50
952,46.5,92
953,64.0,88
954,71.8,67
955,87.2,27
956,91.5,53
957,124.4,14
958,137.5,14
959,104.7,40
960,126.0,13
961,85.8,71
962,113.4,34
963,98.0,65
964,111.0,38
965,74.4,63
966,53.1,93
967,96.3,68
968,98.0,95
969,68.0,75
970,89.1,56
971,61.6,79
972,103.0,26
973,94.0,3
974,70.9,76
975,90.2,66
976,84.4,60
977,107.6,29
978,63.8,89
979,79.6,76
980,65.7,92
981,76.5,84
982,82.0,76
983,66.1,98
984,71.1,87
985,102.7,18
986,131.5,30
987,92.7,56
988,106.3,36
989,66.1,90
990,80.4,77
991,79.9,64
992,75.7,79
993,103.3,31
994,78.0,33
995,96.0,7
996,93.7,1
997,62.5,89
998,61.9,89
999,112.2,42
1000,74.8,57
1001,140.5,1
1002,86.5,39
1003,87.4,39
1004,86.7,77
1005,69.8,80
1006,102.6,41
1007,107.1,28
1008,64.6,32
1009,80.3,55
1010,91.9,25
1011,99.0,61
1012,69.9,49
1013,66.9,74
1014,94.5,59
1015,101.3,47
1016,83.7,54
1017,135.2,14
1018,109.2,46
1019,92.9,45
1020,107.5,51
1021,96.5,56
1022,96.5,82
1023,80.4,89
1024,67.8,74
1025,83.0,70
1026,82.3,76
1027,98.9,24
1028,72.2,35
1029,96.1,45
1030,71.6,60
1031,90.7,58
1032,98.9,24
1033,98.9,43
1034,76.5,56
1035,90.1,31
1036,98.9,24
1037,95.1,34
1038,108.2,46
1039,69.6,75
1040,85.2,70
1041,63.5,63
1042,71.7,88
1043,79.6,55
1044,108.5,40
1045,82.0,12
1046,62.0,67
1047,139.7,15
1048,87.9,2
1049,70.0,28
1050,84.4,84
1051,92.4,44
1052,99.6,45
1053,81.1,12
1054,107.2,13
1055,68.3,79
1056,77.3,51
1057,85.6,72
1058,94.4,11
1059,92.9,58
1060,143.9,11
1061,121.3,15
1062,92.7,48
1063,75.8,38
1064,64.1,72
1065,67.6,87
1066,69.7,89
1067,111.4,45
1068,98.0,15
1069,110.0,31
1070,63.5,4
1071,122.5,44
1072,122.5,44
1073,63.5,26
1074,95.9,60
1075,82.2,37
1076,63.5,9
1077,29.4,90
1078,63.5,1
1079,63.5,6
1080,63.5,4
1081,99.9,1
1082,109.4,29
1083,96.9,6
1084,52.8,82
1085,70.6,61
1086,107.2,69
1087,137.4,4
1088,63.8,44
1089,54.4,99
1090,139.5,20
1091,64.4,48
1092,91.4,65
1093,91.2,48
1094,137.6,13
1095,124.2,28
1096,48.0,25
1097,43.0,92
1098,108.2,54
1099,89.7,13
1100,80.7,68
1101,72.4,32
1102,77.5,60
1103,82.9,44
1104,99.8,49
1105,82.7,45
1106,106.4,19
1107,67.9,72
1108,79.5,49
1109,64.1,92
1110,67.9,68
1111,82.4,53
1112,77.2,52
1113,96.2,60
1114,65.5,30
1115,79.7,62
1116,149.9,2
1117,96.0,23
1118,91.1,59
1119,113.5,43
1120,111.6,52
1121,123.0,4
1122,76.6,59
1123,38.6,100
1124,82.4,75
1125,97.0,49
1126,85.5,63
1127,39.5,100
1128,95.9,59
1129,97.9,48
1130,135.4,29
1131,97.9,70
1132,68.9,58
1133,44.5,99
1134,49.0,90
1135,90.0,35
1136,111.4,36
1137,63.0,94
1138,79.0,79
1139,40.4,99
1140,71.8,88
1141,108.8,59
1142,146.7,6
1143,83.2,77
1144,150.0,4
1145,147.2,8
1146,126.2,21
1147,104.7,39
1148,144.6,9
1149,96.1,57
1150,145.6,10
1151,130.1,15
1152,98.5,66
1153,143.3,5
1154,116.8,3
1155,122.1,33
1156,71.1,92
1157,79.7,34
1158,106.7,59
1159,102.8,49
1160,98.9,42
1161,86.7,56
1162,111.2,32
1163,128.6,14
1164,72.4,76
1165,51.1,97
1166,97.3,26
1167,84.0,47
1168,89.2,31
1169,100.7,46
1170,84.6,96
1171,115.4,6
1172,88.3,93
1173,111.3,76
1174,54.8,88
1175,95.6,38
1176,78.9,61
1177,101.5,24
1178,79.3,65
1179,46.3,49
1180,76.9,10
1181,142.2,1
1182,94.7,56
1183,79.8,50
1184,63.0,68
1185,43.4,96
1186,50.8,92
1187,62.8,79
1188,82.8,68
1189,49.2,97
1190,86.2,54
1191,59.8,67
1192,105.3,35
1193,113.6,30
1194,78.2,77
1195,102.5,7
1196,84.6,80
1197,61.7,67
1198,87.2,38
1199,125.0,1
1200,131.7,30
1201,102.2,42
1202,60.6,75
1203,46.9,94
1204,67.7,81
1205,76.8,75
1206,78.2,86
1207,72.3,66
1208,68.3,83
1209,98.7,37
1210,84.0,70
1211,70.1,80
1212,84.7,72
1213,85.7,81
1214,33.1,100
1215,102.7,23
1216,85.4,61
1217,70.5,55
1218,99.5,15
1219,64.6,84
1220,73.5,75
1221,96.5,56
1222,104.4,61
1223,86.0,66
1224,94.5,2
1225,90.6,16
1226,118.5,6
1227,47.6,65
1228,121.1,5
1229,81.0,49
1230,99.6,3
1231,91.6,36
1232,86.1,4
1233,55.9,75
1234,70.7,86
1235,86.0,6
1236,73.7,25
1237,68.0,68
1238,64.0,96
1239,74.2,58
1240,72.5,68
1241,82.6,80
1242,83.6,41
1243,111.3,34
1244,101.2,25
1245,86.9,13
1246,75.0,38
1247,84.5,28
1248,78.6,61
1249,74.4,51
1250,93.7,29
1251,79.7,34
1252,71.0,41
1253,87.4,47
1254,71.3,63
1255,86.4,57
1256,100.1,89
1257,122.9,30
1258,86.0,32
1259,66.5,65
1260,81.5,25
1261,71.5,92
1262,63.0,32
1263,150.0,16
1264,109.1,13
1265,72.4,77
1266,96.0,48
1267,122.4,49
1268,87.5,48
1269,72.0,78
1270,83.0,70
1271,152.7,13
1272,113.8,49
1273,111.8,48
1274,93.3,64
1275,131.9,3
1276,116.2,39
1277,117.3,10
1278,145.3,19
1279,94.4,70
1280,106.7,30
1281,128.2,18
1282,75.7,81
1283,45.8,100
1284,110.6,28
1285,88.8,42
1286,93.2,36
1287,78.6,73
1288,72.5,67
1289,61.6,83
1290,61.1,80
1291,76.8,41
1292,63.8,82
1293,74.5,76
1294,147.7,10
1295,46.8,98
1296,104.4,40
1297,58.6,86
1298,72.9,23
1299,80.2,65
1300,66.6,96
1301,77.9,67
1302,41.5,100
1303,82.4,80
1304,110.7,26
1305,78.4,76
1306,117.1,37
1307,124.2,33
1308,87.6,53
1309,85.6,83
1310,114.3,49
1311,74.6,85
1312,101.9,62
1313,104.0,12
1314,82.3,52
1315,89.4,55
1316,91.5,66
1317,82.4,61
1318,116.2,30
1319,132.1,7
1320,62.5,80
1321,55.4,83
1322,143.4,25
1323,67.8,60
1324,93.3,65
1325,109.7,21
1326,106.9,24
1327,116.9,19
1328,73.6,63
1329,115.9,20
1330,42.0,96
1331,79.6,69
1332,72.8,76
1333,70.7,82
1334,73.6,74
1335,87.6,57
1336,65.1,90
1337,76.2,65
1338,61.0,80
1339,94.1,47
1340,46.6,97
1341,82.9,61
1342,97.5,4
1343,61.0,96
1344,91.1,56
1345,83.4,20
1346,105.9,19
1347,99.2,57
1348,100.0,39
1349,103.8,17
1350,83.7,29
1351,28.6,99
1352,33.0,100
1353,40.8,77
1354,35.8,96
1355,85.9,62
1356,108.2,37
1357,75.3,74
1358,63.2,87
1359,75.9,73
1360,64.9,92
1361,84.6,78
1362,94.5,54
1363,90.6,69
1364,70.7,86
1365,77.1,75
1366,101.2,53
1367,70.3,85
1368,89.2,42
1369,55.0,92
1370,97.8,52
1371,103.5,49
1372,35.8,99
1373,95.1,43
1374,94.5,87
1375,86.0,69
1376,123.3,30
1377,129.5,16
1378,47.5,83
1379,68.8,89
1380,83.6,65
1381,92.3,61
1382,79.5,72
1383,59.7,93
1384,48.0,96
1385,60.6,90
1386,47.4,83
1387,76.4,73
1388,113.3,29
1389,130.9,1
1390,68.5,94
1391,92.4,53
1392,90.5,67
1393,55.8,91
1394,98.0,54
1395,43.6,83
1396,81.9,62
1397,72.4,41
1398,91.8,61
1399,85.8,64
1400,78.0,87
1401,112.4,28
1402,72.7,21
1403,129.1,22
1404,57.0,99
1405,107.1,40
1406,110.2,10
1407,62.7,81
1408,86.7,66
1409,42.6,93
1410,67.4,84
1411,97.7,57
1412,89.2,27
1413,62.0,51
1414,31.5,91
1415,100.6,97
1416,38.4,99
1417,131.7,2
1418,81.7,22
1419,85.5,66
1420,35.7,100
1421,83.4,72
1422,82.6,70
1423,96.8,26
1424,95.6,50
1425,98.5,44
1426,103.4,35
1427,115.4,22
1428,83.3,70
1429,98.1,50
1430,100.8,50
1431,90.6,56
1432,75.2,77
1433,119.7,28
1434,95.1,69
1435,119.2,20
1436,100.5,45
1437,92.9,63
1438,106.3,51
1439,105.6,39
1440,134.6,15
1441,86.7,62
1442,48.0,96
1443,82.9,32
1444,96.5,18
1445,90.0,23
1446,98.4,12
1447,119.5,19
1448,122.5,29
1449,106.2,39
1450,112.0,43
1451,97.7,31
1452,84.3,67
1453,71.4,88
1454,100.9,41
1455,106.1,18
1456,110.9,35
1457,90.6,56
1458,114.6,28
1459,92.3,55
1460,106.4,44
1461,105.6,48
1462,126.3,15
1463,53.8,75
1464,101.8,39
1465,82.5,50
1466,72.5,82
1467,75.6,72
1468,85.1,60
1469,90.3,60
1470,138.0,18
1471,89.9,38
1472,110.7,19
1473,59.1,20
1474,66.8,71
1475,87.8,57
1476,78.1,60
1477,96.2,9
1478,55.5,49
1479,75.6,80
1480,57.4,92
1481,102.8,34
1482,75.1,68
1483,85.6,69
1484,42.4,61
1485,101.3,17
1486,68.3,77
1487,135.1,5
1488,57.5,23
1489,67.0,44
1490,113.8,6
1491,83.1,53
1492,91.8,59
1493,85.5,24
1494,107.9,21
1495,89.5,88
1496,98.4,68
1497,66.5,91
1498,147.7,2
1499,72.0,82
1500,65.4,41
1501,77.0,54
1502,88.3,59
1503,81.7,58
1504,113.9,2
1505,61.8,74
1506,103.0,47
1507,109.9,13
1508,96.5,44
1509,42.5,96
1510,119.1,19
1511,52.1,80
1512,91.5,76
1513,44.5,100
1514,77.0,60
1515,101.6,1
1516,99.7,19
1517,80.7,82
1518,112.4,8
1519,71.8,41
1520,41.8,94
1521,101.8,44
1522,34.6,70
1523,133.9,16
1524,40.4,62
1525,129.0,16
1526,70.5,79
1527,87.2,63
1528,89.5,56
1529,114.2,29
1530,74.4,78
1531,85.0,57
1532,80.9,65
1533,68.8,57
1534,111.8,31
1535,114.6,68
1536,65.3,15
1537,75.3,96
1538,146.2,12
1539,91.9,51
1540,73.0,77
1541,72.2,77
1542,106.9,33
1543,103.0,25
1544,82.2,74
1545,68.7,92
1546,63.4,77
1547,70.4,78
1548,87.9,58
1549,64.6,83
1550,86.8,43
1551,99.5,29
1552,79.8,49
1553,94.6,31
1554,111.9,26
1555,89.2,39
1556,90.6,25
1557,56.9,62
1558,81.6,9
1559,80.1,36
1560,76.5,75
1561,73.9,66
1562,108.4,15
1563,103.5,15
1564,129.1,8
1565,72.4,63
1566,75.1,46
1567,98.1,8
1568,77.2,19
1569,66.4,48
1570,73.1,32
1571,85.8,36
1572,89.3,32
1573,56.0,95
1574,71.1,65
1575,71.7,65
1576,67.1,81
1577,73.2,70
1578,103.6,1
1579,93.5,66
1580,87.1,26
1581,72.8,64
1582,82.6,70
1583,79.5,71
1584,121.7,35
1585,70.2,78
1586,70.8,74
1587,29.0,89
1588,87.5,55
1589,84.4,46
1590,77.4,44
1591,74.5,85
1592,82.9,39
1593,134.5,1
1594,77.5,55
1595,89.8,61
1596,86.9,20
1597,83.6,68
1598,81.1,42
1599,86.5,35
1600,70.0,70
1601,46.9,30
1602,81.6,20
1603,77.9,55
1604,75.8,85
1605,33.4,100
1606,109.4,22
1607,64.7,53
1608,76.1,68
1609,86.4,54
1610,111.4,41
1611,74.7,95
1612,48.6,99
1613,89.6,34
1614,96.6,41
1615,83.4,57
1616,133.8,3
1617,104.4,50
1618,102.9,51
1619,90.4,84
1620,92.4,30
1621,75.9,76
1622,154.7,8
1623,105.5,41
1624,77.3,31
1625,91.5,34
1626,63.5,99
1627,79.7,93
1628,62.9,87
1629,77.2,96
1630,68.1,97
1631,70.8,98
1632,55.5,100
1633,87.5,26
1634,69.7,98
1635,84.9,79
1636,100.3,88
1637,59.8,86
1638,74.3,81
1639,89.9,88
1640,75.8,98
1641,70.3,98
1642,73.9,61
1643,70.5,67
1644,87.8,93
1645,62.4,100
1646,114.9,24
1647,55.9,100
1648,69.8,83
1649,70.2,79
1650,74.3,88
1651,68.1,82
1652,78.5,64
1653,76.0,66
1654,90.0,49
1655,64.4,90
1656,67.2,86
1657,85.0,53
1658,78.5,75
1659,99.7,71
1660,62.2,89
1661,64.4,90
1662,88.5,36
1663,79.3,32
1664,111.0,49
1665,91.1,63
1666,91.2,52
1667,119.6,19
1668,67.0,80
1669,74.5,77
1670,81.2,3
1671,99.4,2
1672,107.6,7
1673,88.0,44
1674,102.9,21
1675,101.0,53
1676,82.1,95
1677,75.8,96
1678,85.7,89
1679,77.9,96
1680,69.3,99
1681,115.9,38
1682,100.7,52
1683,105.8,46
1684,119.1,31
1685,128.8,15
1686,111.3,59
1687,99.8,57
1688,85.8,68
1689,87.6,79
1690,118.5,15
1691,96.8,40
1692,84.0,55
1693,86.9,49
1694,39.9,99
1695,78.9,66
1696,87.9,52
1697,72.1,80
1698,77.9,69
1699,78.8,86
1700,88.8,60
1701,70.2,89
1702,79.9,59
1703,73.1,79
1704,107.0,8
1705,79.8,82
1706,117.5,2
1707,98.0,7
1708,90.9,38
1709,93.0,39
1710,88.0,68
1711,89.5,2
1712,112.9,32
1713,69.1,78
1714,134.8,12
1715,116.6,21
1716,111.3,49
1717,98.2,1
1718,90.1,57
1719,150.2,2
1720,85.0,65
1721,92.3,63
1722,102.6,40
1723,89.5,67
1724,106.1,36
1725,73.0,77
1726,91.3,67
1727,93.3,66
1728,104.4,31
1729,104.4,26
1730,114.9,26
1731,89.5,64
1732,92.8,51
1733,53.2,96
1734,91.1,61
1735,82.4,70
1736,52.5,72
1737,88.8,68
1738,114.7,44
1739,101.9,43
1740,118.3,12
1741,95.0,48
1742,88.9,65
1743,98.7,55
1744,65.8,83
1745,71.6,77
1746,77.1,95
1747,104.3,24
1748,79.0,66
1749,85.5,71
1750,107.6,42
1751,72.1,90
1752,100.6,68
1753,66.9,67
1754,83.3,59
1755,92.9,48
1756,73.1,67
1757,58.8,90
1758,114.9,22
1759,80.0,82
1760,83.0,54
1761,71.9,93
1762,105.9,41
1763,123.1,1
1764,108.0,67
1765,24.5,100
1766,73.0,88
1767,80.2,68
1768,70.6,82
1769,56.3,95
1770,92.9,59
1771,106.7,12
1772,99.7,22
1773,112.7,12
1774,95.7,43
1775,84.0,91
1776,124.3,11
1777,27.3,98
1778,151.6,1
1779,114.1,79
1780,23.7,100
1781,111.2,47
1782,92.0,48
1783,82.0,66
1784,81.9,61
1785,136.7,64
1786,80.2,65
1787,60.6,89
1788,63.9,91
1789,54.2,99
1790,102.0,70
1791,78.2,57
1792,71.7,98
1793,127.0,41
1794,74.8,26
1795,90.9,54
1796,93.6,78
1797,97.3,73
1798,78.8,72
1799,135.0,51
1800,70.4,80
1801,67.7,84
1802,56.5,81
1803,94.7,95
1804,73.9,95
1805,76.6,93
1806,66.8,41
1807,106.0,56
1808,106.1,34
1809,91.7,68
1810,58.8,64
1811,105.5,84
1812,95.8,58
1813,116.5,30
1814,97.1,48
1815,89.0,12
1816,96.2,22
1817,71.8,91
1818,88.4,34
1819,108.4,4
1820,44.2,92
1821,85.7,37
1822,74.0,79
1823,96.8,34
1824,120.6,7
1825,99.0,29
1826,75.8,64
1827,92.5,42
1828,130.9,20
1829,142.8,15
1830,110.7,33
1831,75.6,79
1832,112.8,55
1833,111.2,23
1834,91.3,41
1835,99.5,67
1836,64.5,77
1837,81.4,46
1838,88.9,51
1839,144.2,18
1840,108.9,8
1841,113.8,42
1842,111.9,48
1843,49.6,97
1844,98.6,31
1845,46.0,92
1846,130.8,3
1847,70.9,86
1848,78.5,71
1849,50.8,97
1850,76.4,77
1851,75.5,70
1852,90.1,66
1853,89.5,32
1854,94.7,32
1855,48.5,98
1856,81.1,66
1857,68.0,90
1858,62.0,96
1859,78.9,77
1860,71.9,78
1861,88.9,67
1862,134.0,8
1863,111.1,42
1864,119.3,6
1865,88.2,47
1866,93.9,55
1867,101.3,56
1868,78.4,68
1869,76.8,100
1870,97.9,55
1871,79.2,67
1872,95.3,49
1873,66.9,83
1874,71.6,90
1875,136.9,18
1876,92.7,100
1877,99.1,55
1878,112.5,42
1879,114.1,28
1880,99.2,14
1881,104.5,29
1882,85.4,36
1883,80.9,68
1884,86.7,62
1885,141.0,2
1886,107.7,38
1887,65.5,68
1888,82.9,66
1889,105.2,49
1890,62.3,99
1891,64.6,91
1892,74.9,56
1893,91.0,56
1894,93.6,34
1895,91.2,77
1896,114.4,36
1897,150.7,13
1898,36.9,89
1899,70.1,16
1900,88.6,42
1901,92.4,34
1902,54.5,33
1903,77.5,82
1904,100.4,3
1905,100.7,2
1906,88.3,5
1907,96.2,34
1908,101.2,3
1909,86.3,59
1910,99.3,6
1911,63.1,100
1912,94.8,85
1913,96.2,26
1914,94.5,35
1915,26.5,100
1916,92.4,70
1917,91.2,34
1918,88.1,70
1919,75.4,60
1920,64.9,84
1921,98.8,24
1922,65.3,100
1923,74.6,81
1924,67.6,95
1925,93.9,62
1926,41.6,91
1927,87.2,88
1928,66.7,99
1929,85.4,91
1930,96.3,83
1931,83.2,91
1932,60.5,73
1933,116.6,28
1934,51.8,95
1935,92.0,49
1936,100.9,55
1937,76.8,46
1938,60.6,98
1939,80.0,64
1940,89.2,8
1941,76.4,82
1942,73.6,49
1943,81.6,67
1944,128.0,9
1945,72.0,76
1946,110.4,23
1947,99.3,38
1948,109.1,30
1949,96.3,39
1950,112.0,23
1951,79.1,65
1952,102.7,43
1953,66.9,95
1954,94.1,32
1955,117.7,17
1956,64.0,97
1957,58.9,68
1958,90.0,32
1959,80.2,43
1960,79.1,57
1961,86.2,76
1962,74.5,68
1963,84.9,38
1964,99.1,38
1965,65.6,68
1966,75.1,85
1967,76.2,51
1968,94.6,63
1969,74.9,97
1970,96.9,54
1971,86.7,20
1972,115.8,14
1973,25.9,99
1974,126.9,5
1975,68.2,89
1976,97.4,46
1977,108.0,9
1978,94.6,52
1979,79.6,82
1980,55.6,81
1981,106.4,26
1982,106.7,22
1983,91.4,29
1984,86.8,64
1985,57.5,86
1986,125.9,13
1987,92.1,70
1988,120.3,28
1989,96.4,29
1990,101.7,86
1991,68.1,68
1992,112.0,42
1993,93.5,70
1994,95.0,58
1995,97.3,54
1996,98.6,52
1997,135.7,16
1998,102.2,30
1999,105.3,47
2000,96.0,56
2001,125.7,25
2002,103.3,82
2003,125.9,25
2004,84.5,100
2005,71.2,76
2006,78.5,31
2007,76.7,66
2008,86.9,57
2009,126.1,18
2010,126.7,19
2011,118.1,23
2012,81.7,42
2013,130.8,11
2014,62.5,86
2015,143.8,15
2016,133.9,16
2017,81.1,88
2018,134.4,7
2019,110.7,33
2020,81.5,65
2021,137.8,8
2022,95.4,25
2023,118.9,34
2024,64.7,84
2025,35.6,96
2026,110.3,20
2027,115.8,16
2028,118.0,35
2029,73.1,80
2030,89.4,73
2031,89.6,87
2032,117.8,14
2033,141.7,13
2034,63.1,88
2035,98.7,47
2036,80.3,76
2037,93.3,72
2038,97.4,1
2039,89.3,19
2040,114.7,29
2041,99.6,38
2042,99.5,65
2043,66.7,88
2044,56.7,34
2045,73.6,91
2046,72.4,84
2047,88.1,64
2048,79.9,68
2049,77.5,58
2050,143.5,1
2051,85.8,19
2052,71.6,70
2053,57.6,94
2054,71.0,30
2055,59.7,53
2056,80.4,67
2057,79.8,38
2058,97.7,18
2059,97.8,26
2060,73.4,78
2061,75.9,51
2062,81.0,70
2063,90.5,19
2064,78.9,51
2065,88.7,68
2066,66.3,89
2067,77.3,74
2068,99.7,63
2069,71.4,81
2070,77.7,75
2071,54.4,91
2072,67.9,80
2073,88.8,71
2074,110.1,15
2075,96.9,33
2076,98.0,44
2077,88.9,63
2078,118.6,38
2079,90.3,60
2080,70.3,81
2081,94.0,49
2082,77.8,82
2083,86.6,72
2084,89.7,64
2085,82.0,80
2086,135.6,9
2087,141.1,11
2088,83.7,67
2089,71.9,72
2090,62.3,95
2091,25.0,99
2092,63.1,97
2093,63.7,85
2094,45.7,100
2095,27.4,93
2096,95.5,45
2097,75.8,25
2098,75.2,69
2099,91.4,44
2100,72.8,65
2101,125.0,15
2102,151.8,2
2103,67.6,1
2104,43.5,99
2105,113.2,33
2106,101.5,44
2107,148.5,3
2108,90.6,50
2109,63.6,89
2110,87.4,90
2111,111.6,25
2112,83.7,64
2113,94.7,86
2114,78.3,76
2115,112.8,12
2116,83.2,93
2117,97.7,37
2118,105.1,75
2119,77.5,92
2120,88.5,58
2121,62.8,74
2122,48.4,100
2123,96.8,44
2124,53.8,98
2125,85.2,61
2126,72.2,87
2127,90.6,79
2128,95.7,60
2129,101.9,55
2130,89.5,41
2131,91.8,87
2132,69.9,99
2133,106.8,48
2134,70.6,97
2135,65.4,99
2136,67.1,86
2137,72.9,78
2138,128.2,54
2139,87.7,47
2140,83.8,60
2141,69.9,100
2142,86.2,41
2143,97.5,60
2144,102.2,41
2145,81.8,59
2146,87.6,66
2147,72.1,50
2148,106.6,54
2149,80.5,62
2150,71.8,70
2151,66.7,97
2152,69.2,97
2153,88.1,60
2154,59.7,66
2155,149.0,3
2156,115.4,15
2157,66.0,29
2158,81.6,65
2159,74.4,45
2160,69.3,89
2161,78.6,85
2162,152.9,8
2163,53.1,90
2164,67.1,86
2165,50.8,97
2166,79.6,69
2167,65.8,97
2168,98.1,17
2169,83.9,96
2170,118.5,3
2171,63.9,40
2172,65.3,86
2173,45.6,100
2174,86.6,47
2175,65.9,85
2176,91.1,27
2177,92.5,94
2178,125.9,4
2179,87.7,49
2180,104.7,66
2181,63.1,98
2182,65.0,100
2183,65.2,49
2184,81.2,56
2185,106.1,25
2186,46.9,63
2187,67.2,81
2188,28.9,98
2189,117.4,20
2190,84.1,52
2191,66.6,84
2192,76.8,55
2193,92.6,77
2194,116.4,58
2195,149.8,12
2196,103.0,56
2197,93.1,62
2198,97.6,72
2199,41.8,100
2200,70.8,96
2201,110.8,60
2202,104.3,75
2203,101.1,49
2204,83.2,85
2205,80.0,78
2206,114.3,39
2207,102.6,58
2208,82.9,79
2209,135.0,23
2210,93.0,56
2211,88.0,56
2212,131.1,13
2213,94.2,65
2214,107.7,36
2215,112.2,37
2216,100.1,80
2217,68.8,85
2218,143.6,23
2219,90.1,64
2220,75.6,76
2221,103.6,34
2222,101.8,55
2223,61.7,57
2224,102.9,32
2225,45.9,85
2226,79.7,63
2227,91.3,52
2228,72.4,81
2229,84.0,74
2230,111.4,58
2231,78.2,29
2232,147.8,4
2233,112.2,27
2234,99.4,27
2235,87.5,55
2236,95.3,66
2237,76.2,92
2238,80.8,68
2239,24.5,100
2240,126.1,7
2241,98.6,39
2242,78.9,53
2243,89.8,57
2244,69.5,100
2245,85.7,49
2246,80.0,83
2247,84.4,66
2248,139.1,7
2249,86.6,93
2250,93.4,62
2251,108.7,31
2252,99.3,52
2253,103.7,16
2254,86.1,68
2255,88.5,66
2256,71.3,98
2257,93.8,42
2258,57.2,99
2259,90.3,99
2260,94.5,60
2261,108.5,51
2262,122.3,32
2263,109.7,22
2264,91.6,54
2265,64.7,99
2266,106.8,52
2267,75.4,72
2268,80.9,71
2269,93.7,62
2270,85.4,55
2271,104.1,39
2272,107.9,30
2273,78.5,75
2274,78.7,87
2275,53.8,74
2276,115.6,25
2277,105.6,21
2278,97.6,42
2279,97.6,66
2280,108.0,10
2281,94.1,51
2282,88.2,59
2283,87.7,61
2284,93.9,55
2285,89.3,78
2286,64.1,66
2287,107.6,55
2288,33.8,99
2289,99.2,34
2290,89.0,92
2291,82.0,91
2292,81.1,63
2293,79.2,92
2294,68.5,60
2295,71.1,98
2296,34.4,100
2297,59.5,100
2298,78.2,48
2299,95.7,44
2300,112.2,15
2301,62.3,88
2302,67.6,73
2303,66.0,50
2304,56.3,90
2305,96.2,44
2306,107.3,48
2307,127.1,18
2308,127.8,17
2309,74.9,79
2310,76.5,24
2311,109.3,42
2312,44.0,96
2313,98.0,58
2314,118.6,53
2315,116.0,33
2316,79.7,31
2317,85.0,50
2318,85.9,49
2319,83.9,20
2320,82.7,89
2321,89.3,81
2322,68.0,100
2323,87.2,48
2324,116.3,44
2325,58.3,88
2326,101.3,49
2327,97.6,34
2328,85.7,46
2329,92.7,9
2330,84.7,70
2331,86.9,12
2332,60.1,100
2333,72.9,61
2334,57.8,30
2335,90.0,66
2336,94.0,5
2337,129.1,13
2338,84.5,72
2339,133.4,20
2340,69.8,82
2341,60.5,88
2342,74.5,15
2343,78.3,77
2344,97.8,51
2345,75.7,66
2346,72.2,79
2347,72.9,75
2348,84.3,65
2349,70.4,88
2350,90.4,66
2351,69.7,87
2352,80.0,71
2353,47.0,83
2354,95.3,32
2355,131.9,16
2356,87.7,71
2357,92.6,33
2358,101.2,39
2359,58.3,96
2360,92.7,85
2361,75.4,77
2362,140.4,3
2363,60.4,92
2364,68.2,87
2365,67.9,47
2366,76.8,45
2367,77.3,98
2368,147.5,16
2369,105.9,37
2370,74.6,76
2371,82.7,77
2372,39.3,71
2373,36.8,71
2374,68.1,75
2375,96.9,16
2376,126.7,70
2377,80.3,72
2378,42.0,58
2379,82.8,60
2380,90.8,45
2381,68.3,85
2382,132.9,15
2383,56.1,97
2384,73.0,93
2385,83.7,70
2386,119.9,7
2387,39.5,66
2388,97.3,43
2389,81.1,58
2390,77.7,72
2391,38.0,68
2392,31.3,85
2393,54.1,90
2394,96.3,50
2395,23.6,98
2396,71.7,33
2397,116.9,38
2398,80.8,71
2399,120.0,29
2400,113.8,13
2401,25.6,75
2402,82.7,92
2403,122.3,20
2404,57.6,49
2405,92.4,7
2406,28.6,96
2407,43.5,66
2408,120.4,37
2409,90.1,82
2410,77.8,71
2411,58.0,77
2412,64.9,90
2413,65.0,95
2414,108.9,30
2415,97.5,43
2416,131.8,6
2417,100.4,41
2418,68.9,78
2419,34.2,75
2420,84.5,81
2421,26.0,95
2422,119.6,23
2423,85.8,27
2424,56.7,89
2425,68.0,44
2426,118.1,1
2427,78.9,85
2428,108.3,48
2429,75.6,78
2430,31.9,68
2431,101.7,33
2432,78.4,74
2433,110.1,12
2434,115.6,28
2435,86.6,49
2436,103.4,57
2437,92.6,52
2438,69.0,86
2439,111.7,39
2440,59.3,92
2441,91.6,55
2442,69.0,83
2443,89.4,78
2444,32.4,76
2445,70.7,87
2446,76.5,80
2447,67.5,94
2448,63.2,93
2449,93.1,48
2450,108.6,15
2451,120.5,20
2452,68.1,91
2453,60.4,85
2454,72.7,74
2455,95.4,42
2456,76.9,83
2457,91.6,55
2458,90.7,65
2459,94.0,42
2460,91.4,55
2461,102.0,55
2462,132.7,5
2463,132.8,5
2464,61.0,95
2465,72.5,87
2466,31.2,83
2467,111.4,30
2468,95.9,19
2469,80.2,64
2470,85.1,61
2471,76.5,58
2472,89.6,47
2473,88.6,47
2474,26.4,93
2475,29.4,89
2476,78.9,14
2477,89.1,44
2478,96.1,46
2479,85.2,73
2480,101.3,58
2481,64.4,15
2482,102.7,12
2483,91.3,50
2484,92.9,36
2485,92.1,46
2486,105.0,28
2487,87.2,81
2488,86.7,39
2489,105.4,24
2490,109.4,33
2491,91.3,40
2492,87.5,74
2493,76.6,68
2494,81.9,53
2495,59.1,72
2496,61.4,92
2497,98.8,52
2498,96.2,29
2499,78.7,72
2500,99.1,9
2501,91.5,24
2502,63.0,49
2503,86.0,22
2504,80.4,67
2505,104.3,10
2506,90.8,99
2507,93.2,56
2508,88.7,25
2509,125.6,2
2510,82.8,31
2511,88.0,38
2512,89.9,63
2513,71.5,85
2514,68.8,88
2515,70.0,88
2516,87.2,30
2517,84.7,66
2518,122.4,15
2519,90.3,39
2520,47.7,97
2521,55.8,93
2522,65.1,82
2523,103.2,42
2524,119.7,70
2525,54.0,91
2526,67.8,84
2527,66.8,84
2528,87.4,45
2529,24.4,100
2530,121.4,49
2531,101.6,71
2532,100.7,68
2533,87.4,56
2534,106.3,35
2535,80.9,73
2536,52.3,96
2537,70.2,78
2538,142.6,2
2539,58.2,95
2540,80.4,67
2541,88.7,60
2542,97.3,60
2543,78.6,80
2544,134.1,23
2545,61.7,92
2546,65.4,99
2547,71.2,89
2548,107.2,57
2549,70.3,82
2550,83.4,48
2551,87.8,63
2552,78.5,92
2553,53.6,93
2554,71.1,32
2555,74.5,54
2556,50.5,100
2557,92.6,70
2558,88.9,77
2559,84.5,81
2560,116.0,42
2561,97.3,98
2562,130.1,56
2563,89.6,63
2564,66.4,96
2565,88.0,52
2566,77.4,62
2567,78.7,75
2568,87.1,62
2569,77.5,59
2570,117.0,26
2571,109.5,21
2572,109.6,51
2573,67.5,70
2574,115.6,4
2575,113.4,42
2576,87.9,51
2577,87.6,60
2578,97.2,65
2579,107.6,32
2580,95.5,44
2581,69.1,76
2582,66.9,96
2583,88.5,49
2584,65.9,91
2585,99.0,59
2586,104.9,64
2587,99.3,45
2588,71.8,76
2589,102.8,20
2590,79.5,57
2591,100.5,5
2592,93.8,57
2593,89.4,53
2594,82.5,61
2595,76.6,72
2596,151.9,1
2597,106.6,28
2598,100.4,28
2599,79.3,41
2600,82.6,41
2601,86.9,75
2602,114.4,30
2603,69.8,63
2604,124.4,22
2605,90.2,92
2606,142.9,11
2607,66.5,69
2608,67.8,72
2609,102.5,5
2610,81.0,11
2611,88.5,67
2612,93.7,45
2613,64.9,81
2614,93.8,4
2615,104.7,47
2616,51.6,93
2617,80.5,19
2618,93.3,73
2619,79.1,88
2620,92.5,6
2621,81.2,83
2622,62.9,62
2623,109.4,11
2624,81.7,46
2625,123.5,16
2626,111.5,33
2627,118.2,20
2628,74.8,92
2629,111.7,20
2630,104.6,35
2631,78.7,65
2632,56.4,56
2633,107.3,34
2634,117.9,24
2635,145.3,4
2636,86.0,70
2637,61.7,42
2638,107.9,25
2639,117.9,9
2640,70.3,64
2641,42.8,99
2642,95.0,45
2643,98.1,45
2644,89.6,77
2645,65.1,79
2646,68.9,95
2647,114.0,29
2648,51.0,100
2649,97.5,9
2650,67.0,97
2651,115.8,10
2652,75.5,77
2653,65.8,89
2654,71.7,83
2655,83.0,78
2656,72.6,77
2657,107.7,28
2658,83.6,53
2659,26.3,98
2660,81.8,82
2661,118.2,43
2662,117.5,52
2663,129.5,31
2664,74.2,82
2665,82.8,76
2666,109.4,22
2667,101.3,20
2668,82.6,73
2669,87.5,74
2670,96.6,67
2671,83.5,74
2672,84.5,72
2673,90.9,85
2674,99.3,17
2675,82.0,32
2676,74.8,34
2677,111.7,19
2678,82.5,35
2679,82.5,78
2680,78.9,85
2681,53.3,100
2682,59.6,100
2683,118.5,27
2684,67.1,82
2685,78.3,41
2686,111.0,27
2687,109.5,15
2688,65.1,87
2689,98.7,48
2690,149.4,17
2691,78.2,73
2692,68.9,90
2693,151.3,15
2694,125.9,30
2695,150.3,43
2696,70.2,83
2697,100.0,43
2698,71.5,98
2699,92.1,89
2700,89.8,47
2701,67.2,98
2702,69.3,76
2703,78.0,61
2704,82.0,59
2705,70.5,76
2706,88.1,48
2707,100.8,50
2708,78.6,73
2709,92.3,79
2710,107.3,19
2711,126.9,5
2712,65.0,94
2713,95.5,53
2714,126.9,5
2715,79.9,62
2716,81.0,26
2717,57.4,92
2718,76.1,64
2719,130.9,1
2720,58.2,35
2721,67.1,96
2722,65.3,70
2723,79.0,67
2724,126.9,5
2725,126.9,5
2726,126.9,5
2727,126.9,5
2728,70.1,79
2729,70.1,79
2730,139.3,49
2731,80.1,82
2732,121.9,4
2733,31.7,99
2734,94.8,1
2735,75.6,65
2736,97.1,41
2737,63.5,66
2738,90.6,58
2739,86.2,63
2740,72.3,90
2741,85.7,63
2742,125.6,18
2743,67.3,80
2744,121.6,12
2745,32.1,96
2746,75.0,50
2747,102.6,31
2748,59.0,93
2749,77.3,21
2750,83.0,81
2751,121.4,9
2752,144.9,4
2753,100.1,49
2754,83.3,65
2755,109.8,32
2756,82.8,60
2757,109.7,39
2758,100.8,21
2759,98.1,30
2760,114.0,21
2761,106.1,42
2762,108.9,35
2763,91.8,86
2764,103.0,63
2765,105.9,26
2766,108.1,35
2767,94.2,49
2768,119.2,24
2769,102.6,44
2770,102.9,33
2771,111.4,72
2772,123.0,46
2773,121.3,18
2774,93.4,56
2775,106.3,43
2776,100.0,33
2777,90.2,26
2778,118.0,21
2779,81.8,13
2780,102.0,12
2781,96.4,16
2782,98.7,8
2783,84.2,23
2784,76.0,68
2785,24.8,96
2786,87.3,61
2787,117.6,16
2788,89.8,18
2789,75.2,76
2790,76.7,86
2791,108.8,44
2792,108.3,44
2793,88.0,55
2794,103.1,33
2795,53.7,93
2796,68.3,4
2797,92.9,3
2798,100.8,21
2799,95.6,38
2800,140.7,5
2801,116.5,9
2802,139.7,10
2803,92.8,39
2804,88.3,65
2805,128.8,25
2806,67.0,76
2807,83.4,68
2808,53.1,95
2809,114.8,17
2810,63.5,64
2811,85.0,95
2812,70.2,98
2813,66.2,97
2814,58.5,99
2815,105.2,74
2816,92.3,86
2817,102.2,78
2818,75.9,70
2819,128.5,15
2820,61.0,99
2821,114.4,2
2822,128.1,29
2823,131.5,17
2824,96.2,48
2825,146.9,3
2826,119.7,1
2827,121.8,6
2828,109.4,21
2829,94.1,33
2830,115.7,28
2831,99.2,35
2832,144.6,14
2833,77.3,1
2834,69.7,75
2835,80.7,57
2836,134.9,21
2837,82.5,68
2838,90.0,44
2839,87.2,74
2840,124.2,23
2841,119.4,30
2842,79.5,67
2843,67.6,81
2844,131.1,12
2845,53.0,93
2846,134.1,15
2847,123.8,20
2848,86.6,46
2849,101.5,41
2850,134.6,18
2851,119.7,9
2852,72.6,58
2853,90.2,81
2854,153.8,4
2855,129.3,15
2856,139.0,14
2857,117.9,81
2858,48.6,85
2859,98.3,9
2860,129.0,23
2861,141.5,11
2862,98.1,87
2863,61.0,83
2864,112.4,31
2865,131.9,9
2866,152.6,8
2867,29.9,99
2868,29.6,99
2869,85.8,61
2870,25.4,100
2871,27.4,100
2872,100.6,42
2873,97.6,40
2874,71.5,68
2875,141.4,12
2876,107.4,88
2877,101.6,25
2878,85.1,4
2879,112.5,33
2880,144.1,7
2881,146.1,7
2882,24.5,100
2883,35.8,93
2884,149.1,1
2885,128.0,29
2886,101.0,45
2887,84.9,57
2888,145.4,1
2889,111.7,24
2890,105.3,39
2891,125.1,18
2892,33.7,88
2893,124.1,66
2894,27.0,100
2895,142.2,10
2896,118.7,25
2897,116.5,17
2898,86.8,4
2899,131.7,1
2900,120.4,15
2901,153.6,1
2902,92.6,44
2903,151.8,9
2904,33.1,99
2905,106.4,13
2906,126.6,20
2907,97.3,48
2908,131.3,5
2909,114.9,18
2910,105.4,25
2911,141.5,6
2912,90.9,30
2913,109.7,26
2914,136.6,6
2915,127.4,15
2916,100.3,24
2917,136.2,5
2918,146.4,9
2919,105.1,24
2920,112.6,35
2921,89.0,47
2922,24.9,99
2923,90.0,67
2924,117.4,19
2925,135.1,19
2926,146.1,5
2927,136.4,2
2928,109.0,30
2929,124.4,15
2930,132.8,72
2931,76.9,61
2932,142.3,14
2933,120.2,73
2934,105.9,86
2935,34.8,97
2936,29.4,99
2937,25.7,100
2938,107.2,26
2939,152.8,9
2940,153.5,8
2941,111.3,22
2942,95.2,90
2943,101.1,50
2944,81.8,73
2945,39.3,99
2946,120.7,38
2947,146.6,12
2948,101.1,36
2949,93.8,41
2950,96.0,50
2951,79.5,88
2952,112.4,19
2953,108.0,29
2954,116.2,31
2955,103.5,41
2956,129.5,19
2957,128.7,18
2958,31.2,99
2959,148.8,8
2960,123.5,31
2961,152.7,5
2962,140.6,19
2963,154.0,9
2964,141.2,9
2965,137.9,15
2966,41.8,28
2967,27.6,88
2968,141.2,13
2969,144.6,9
2970,93.2,57
2971,150.4,7
2972,146.8,8
2973,119.5,20
2974,112.5,15
2975,144.2,8
2976,95.2,34
2977,141.7,9
2978,138.4,7
2979,153.2,8
2980,100.5,47
2981,134.3,14
2982,145.8,5
2983,133.4,12
2984,137.7,9
2985,36.4,100
2986,107.1,46
2987,135.2,6
2988,67.5,100
2989,27.9,100
2990,118.0,9
2991,102.6,30
2992,25.2,99
2993,129.9,21
2994,151.5,2
2995,141.3,10
2996,133.8,18
2997,128.3,10
2998,98.2,40
2999,92.3,44
3000,135.4,2
3001,114.3,1
3002,112.4,35
3003,64.5,83
3004,153.1,1
3005,125.3,15
3006,121.2,17
3007,74.4,96
3008,112.7,22
3009,130.1,5
3010,77.8,68
3011,60.7,100
3012,98.4,77
3013,120.6,19
3014,139.7,7
3015,100.1,44
3016,102.4,34
3017,109.4,1
3018,142.9,7
3019,86.1,35
3020,147.9,8
3021,131.1,18
3022,76.2,62
3023,81.2,99
3024,35.1,94
3025,75.7,73
3026,134.6,1
3027,90.4,55
3028,131.8,19
3029,121.5,1
3030,133.3,17
3031,140.4,13
3032,141.6,8
3033,91.4,54
3034,98.1,50
3035,144.5,1
3036,122.1,20
3037,151.0,1
3038,67.8,95
3039,127.9,10
3040,142.6,15
3041,132.5,16
3042,89.2,79
3043,115.0,20
3044,116.3,39
3045,74.1,82
3046,84.4,59
3047,91.6,47
3048,99.8,49
3049,88.3,64
3050,90.4,68
3051,99.7,48
3052,109.2,35
3053,77.0,62
3054,134.2,7
3055,139.7,7
3056,105.9,40
3057,78.0,59
3058,125.5,9
3059,81.0,68
3060,70.8,64
3061,114.2,24
3062,107.2,18
3063,59.1,92
3064,100.6,36
3065,69.8,77
3066,84.4,74
3067,70.8,64
3068,128.2,12
3069,68.8,8
3070,118.2,1
3071,107.6,1
3072,95.6,41
3073,69.6,73
3074,87.7,55
3075,47.7,90
3076,23.9,100
3077,79.3,65
3078,29.8,98
3079,31.0,96
3080,29.9,97
3081,102.3,31
3082,128.5,11
3083,27.8,98
3084,126.3,5
3085,25.0,100
3086,92.6,40
3087,122.6,7
3088,107.4,13
3089,102.7,35
3090,60.5,92
3091,64.7,98
3092,116.4,39
3093,65.7,93
3094,118.1,15
3095,72.9,81
3096,95.8,62
3097,100.9,48
3098,63.0,86
3099,62.0,98
3100,72.3,89
3101,107.1,20
3102,104.0,23
3103,105.9,53
3104,89.3,70
3105,101.0,67
3106,89.3,87
3107,65.4,90
3108,108.0,9
3109,69.2,84
3110,74.9,70
3111,106.0,16
3112,44.6,91
3113,128.9,10
3114,103.0,37
3115,89.8,74
3116,90.3,54
3117,89.8,49
3118,79.4,59
3119,70.4,81
3120,125.6,13
3121,121.3,16
3122,123.2,16
3123,124.7,13
3124,95.2,52
3125,108.3,21
3126,90.6,66
3127,76.3,78
3128,79.8,78
3129,61.4,63
3130,83.9,76
3131,63.4,58
3132,100.9,42
3133,94.2,26
3134,131.8,3
3135,90.8,70
3136,47.8,100
3137,98.6,66
3138,98.3,47
3139,63.2,78
3140,116.3,33
3141,103.0,25
3142,92.7,52
3143,74.3,71
3144,103.8,31
3145,41.3,99
3146,92.7,44
3147,97.1,62
3148,103.8,35
3149,70.8,69
3150,104.7,53
3151,86.9,79
3152,49.4,95
3153,101.8,52
3154,132.9,7
3155,115.9,30
3156,111.4,29
3157,146.1,3
3158,131.6,12
3159,118.7,22
3160,84.7,30
3161,94.5,51
3162,82.2,68
3163,145.3,4
3164,74.4,22
3165,63.8,77
3166,86.6,57
3167,69.9,79
3168,107.1,40
3169,114.4,31
3170,140.2,14
3171,107.6,54
3172,73.1,74
3173,86.9,75
3174,112.9,26
3175,51.2,94
3176,77.3,60
3177,86.0,65
3178,49.8,96
3179,91.0,67
3180,108.4,2
3181,127.7,13
3182,63.7,41
3183,72.9,80
3184,79.4,85
3185,107.1,28
3186,78.3,65
3187,93.2,21
3188,126.2,21
3189,117.7,22
3190,89.7,55
3191,71.3,57
3192,105.0,59
3193,85.4,37
3194,114.4,45
3195,65.8,74
3196,97.0,80
3197,65.6,70
3198,72.4,98
3199,122.3,23
3200,120.0,30
3201,133.9,12
3202,96.3,57
3203,150.7,3
3204,77.2,80
3205,87.0,64
3206,69.6,79
3207,59.7,98
3208,99.1,36
3209,79.6,76
3210,72.8,82
3211,30.3,98
3212,84.6,27
3213,54.3,91
3214,108.2,49
3215,95.3,52
3216,64.4,75
3217,49.3,92
3218,82.4,56
3219,59.1,100
3220,69.5,97
3221,40.0,100
3222,106.5,33
3223,69.6,98
3224,75.6,10
3225,88.0,93
3226,84.6,89
3227,63.2,99
3228,92.3,64
3229,74.3,94
3230,104.3,69
3231,86.4,71
3232,89.2,66
3233,113.2,31
3234,86.9,3
3235,102.2,35
3236,101.4,50
3237,74.6,52
3238,58.8,77
3239,101.6,32
3240,105.6,2
3241,95.8,15
3242,112.6,22
3243,140.5,4
3244,125.2,10
3245,121.4,4
3246,99.1,21
3247,74.6,77
3248,70.9,85
3249,49.9,95
3250,70.6,84
3251,89.2,62
3252,97.7,57
3253,53.2,99
3254,76.6,80
3255,108.5,44
3256,89.3,59
3257,89.1,69
3258,79.6,77
3259,70.4,84
3260,64.9,83
3261,97.3,41
3262,78.0,79
3263,98.0,4
3264,81.4,80
3265,113.9,11
3266,78.6,70
3267,68.1,83
3268,71.4,87
3269,98.2,56
3270,86.4,77
3271,84.0,54
3272,84.2,91
3273,99.9,49
3274,79.2,75
3275,85.3,73
3276,99.9,48
3277,79.5,80
3278,90.6,68
3279,84.7,62
3280,79.8,64
3281,75.1,62
3282,102.7,33
3283,109.4,27
3284,99.2,44
3285,27.0,100
3286,57.6,95
3287,46.3,99
3288,52.8,83
3289,96.6,47
3290,77.0,56
3291,126.2,17
3292,99.4,23
3293,84.8,76
3294,109.9,64
3295,70.9,64
3296,52.8,84
3297,74.4,69
3298,99.1,41
3299,77.1,77
3300,71.7,26
3301,66.9,81
3302,67.9,79
3303,66.7,81
3304,37.1,68
3305,92.6,50
3306,111.2,15
3307,91.0,45
3308,101.0,47
3309,122.3,17
3310,110.9,3
3311,93.9,55
3312,87.0,25
3313,96.4,23
3314,88.7,7
3315,85.4,30
3316,118.7,25
3317,107.8,23
3318,133.6,11
3319,110.8,31
3320,119.4,35
3321,107.9,29
3322,94.2,35
3323,143.4,14
3324,135.5,7
3325,110.8,31
3326,100.3,35
3327,96.7,45
3328,75.2,64
3329,132.4,9
3330,98.1,34
3331,102.8,23
3332,140.4,11
3333,52.1,90
3334,99.5,29
3335,107.4,40
3336,62.9,88
3337,88.4,54
3338,52.5,96
3339,46.0,95
3340,112.2,31
3341,61.7,86
3342,35.1,99
3343,107.0,30
3344,136.8,19
3345,102.6,28
3346,72.2,85
3347,107.3,47
3348,91.0,65
3349,65.9,84
3350,111.1,55
3351,108.1,35
3352,67.3,86
3353,35.3,74
3354,29.1,87
3355,49.2,32
3356,35.0,79
3357,26.4,92
3358,104.1,62
3359,119.9,29
3360,43.2,61
3361,84.1,84
3362,119.7,41
3363,33.3,73
3364,94.2,71
3365,136.6,13
3366,37.8,63
3367,60.4,95
3368,35.3,63
3369,88.6,55
3370,67.1,78
3371,96.5,49
3372,96.4,31
3373,80.9,76
3374,83.1,61
3375,88.4,53
3376,46.9,97
3377,80.2,51
3378,75.0,82
3379,87.8,67
3380,89.0,79
3381,67.8,84
3382,79.5,75
3383,129.0,35
3384,97.0,58
3385,61.1,30
3386,112.3,52
3387,127.1,29
3388,79.7,73
3389,113.7,2
3390,87.1,30
3391,120.1,28
3392,125.1,13
3393,74.7,68
3394,41.9,99
3395,55.7,92
3396,69.4,73
3397,78.7,84
3398,148.7,1
3399,102.2,9
3400,71.5,80
3401,64.8,58
3402,62.2,86
3403,66.4,99
3404,79.5,63
3405,55.2,82
3406,78.3,14
3407,72.7,77
3408,83.6,78
3409,73.9,70
3410,74.0,45
3411,106.7,33
3412,117.8,20
3413,73.2,96
3414,110.8,14
3415,76.6,47
3416,64.9,73
3417,72.0,73
3418,34.0,91
3419,96.6,82
3420,108.2,30
3421,89.2,54
3422,81.9,53
3423,73.0,87
3424,85.1,70
3425,76.5,41
3426,126.6,24
3427,116.2,23
3428,94.0,29
3429,102.9,48
3430,106.6,23
3431,129.6,13
3432,95.0,46
3433,100.7,59
3434,86.9,53
3435,93.9,49
3436,91.1,52
3437,114.3,38
3438,70.4,78
3439,84.6,62
3440,90.6,39
3441,118.6,32
3442,124.3,31
3443,80.3,69
3444,50.6,14
3445,73.2,72
3446,79.0,63
3447,107.3,54
3448,90.7,29
3449,33.7,89
3450,65.1,75
3451,66.4,66
3452,67.7,79
3453,62.8,86
3454,29.5,100
3455,67.7,79
3456,125.6,7
3457,93.3,53
3458,27.5,100
3459,93.7,33
3460,89.4,52
3461,105.0,32
3462,66.0,70
3463,76.0,73
3464,99.3,40
3465,101.1,18
3466,98.8,23
3467,57.6,76
3468,94.4,35
3469,68.1,90
3470,77.3,70
3471,39.1,89
3472,86.5,54
3473,98.0,7
3474,105.9,12
3475,140.7,1
3476,107.3,31
3477,97.2,47
3478,62.6,92
3479,90.8,33
3480,89.7,63
3481,104.5,24
3482,118.7,1
3483,72.8,56
3484,74.7,89
3485,134.1,11
3486,100.4,54
3487,53.9,98
3488,88.7,63
3489,89.1,60
3490,71.1,78
3491,139.2,8
3492,59.8,54
3493,109.6,20
3494,117.7,26
3495,94.0,61
3496,48.8,95
3497,98.4,31
3498,94.2,65
3499,80.0,85
3500,92.9,38
3501,129.6,11
3502,90.9,75
3503,40.4,79
3504,68.8,81
3505,108.9,20
3506,79.7,81
3507,104.9,5
3508,87.7,61
3509,133.2,2
3510,131.9,16
3511,81.9,14
3512,91.4,50
3513,96.1,13
3514,74.2,69
3515,79.5,51
3516,69.5,84
3517,74.3,76
3518,139.9,2
3519,60.7,77
3520,67.6,83
3521,75.2,65
3522,92.0,39
3523,74.5,60
3524,105.5,19
3525,51.8,28
3526,92.4,24
3527,62.8,43
3528,48.0,95
3529,88.0,73
3530,96.6,20
3531,63.3,26
3532,129.0,3
3533,78.4,71
3534,59.1,77
3535,97.5,10
3536,81.6,76
3537,98.9,24
3538,88.7,56
3539,77.7,73
3540,64.8,77
3541,149.4,15
3542,97.7,51
3543,60.2,67
3544,113.4,56
3545,75.5,86
3546,51.1,94
3547,94.4,51
3548,70.4,89
3549,101.0,40
3550,72.9,78
3551,92.9,67
3552,74.0,35
3553,104.4,39
3554,59.0,93
3555,96.4,32
3556,97.9,41
3557,131.9,22
3558,79.7,80
3559,109.0,34
3560,79.8,70
3561,96.2,78
3562,94.4,49
3563,145.8,7
3564,54.2,97
3565,54.3,45
3566,44.5,70
3567,87.0,60
3568,63.4,66
3569,79.6,41
3570,91.3,70
3571,82.2,60
3572,88.2,62
3573,74.7,88
3574,86.5,56
3575,69.5,86
3576,96.4,60
3577,72.6,100
3578,76.2,69
3579,123.6,32
3580,95.1,24
3581,97.0,28
3582,74.0,70
3583,55.8,97
3584,88.8,4
3585,91.5,42
3586,80.5,38
3587,57.7,100
3588,127.7,8
3589,92.8,40
3590,65.0,85
3591,69.6,77
3592,97.0,30
3593,130.3,6
3594,93.7,67
3595,86.5,64
3596,116.0,25
3597,62.2,97
3598,93.0,85
3599,107.2,40
3600,95.1,56
3601,49.6,28
3602,110.3,41
3603,72.1,73
3604,84.6,61
3605,77.3,73
3606,51.9,90
3607,86.4,37
3608,103.8,42
3609,84.7,10
3610,74.5,93
3611,97.3,49
3612,96.9,30
3613,88.0,78
3614,92.1,49
3615,75.1,73
3616,72.4,85
3617,54.4,79
3618,80.8,78
3619,110.5,38
3620,78.2,81
3621,94.4,59
3622,73.3,54
3623,55.8,94
3624,86.0,91
3625,119.2,21
3626,111.0,28
3627,105.9,46
3628,79.6,68
3629,70.1,79
3630,77.7,76
3631,79.2,77
3632,78.6,58
3633,84.8,55
3634,83.4,67
3635,81.3,84
3636,121.5,36
3637,90.4,60
3638,96.1,4
3639,88.0,18
3640,70.4,90
3641,75.2,85
3642,68.6,85
3643,79.0,70
3644,85.5,61
3645,78.1,83
3646,70.0,88
3647,77.3,88
3648,73.9,81
3649,74.7,69
3650,64.8,92
3651,89.6,64
3652,66.7,92
3653,94.6,62
3654,93.2,56
3655,91.3,64
3656,106.1,46
3657,99.2,62
3658,68.2,86
3659,80.0,66
3660,111.8,40
3661,78.7,78
3662,51.8,53
3663,83.8,80
3664,84.0,69
3665,127.6,5
3666,63.9,89
3667,91.7,87
3668,100.9,49
3669,87.9,66
3670,32.4,100
3671,110.0,17
3672,96.4,53
3673,86.8,68
3674,94.4,41
3675,113.6,22
3676,115.7,1
3677,83.1,74
3678,91.8,57
3679,81.0,67
3680,68.4,95
3681,27.1,100
3682,85.7,78
3683,69.5,84
3684,132.6,14
3685,85.1,59
3686,68.0,87
3687,100.8,54
3688,92.2,50
3689,88.9,86
3690,86.8,57
3691,114.6,21
3692,33.9,88
3693,94.1,48
3694,72.2,94
3695,45.9,57
3696,92.4,80
3697,24.0,99
3698,87.8,72
3699,103.8,44
3700,81.7,74
3701,95.5,50
3702,99.5,30
3703,85.3,37
3704,46.6,99
3705,80.9,54
3706,87.3,80
3707,92.5,38
3708,101.3,32
3709,95.8,43
3710,70.0,83
3711,83.2,19
3712,127.7,3
3713,85.2,43
3714,71.7,88
3715,106.3,40
3716,77.7,72
3717,107.6,20
3718,50.3,100
3719,88.8,44
3720,106.7,41
3721,122.0,29
3722,91.3,51
3723,72.3,76
3724,84.6,72
3725,123.8,22
3726,112.3,20
3727,108.7,26
3728,130.0,19
3729,72.9,86
3730,57.5,43
3731,75.5,85
3732,92.9,38
3733,80.4,72
3734,137.7,16
3735,79.8,67
3736,92.9,52
3737,102.4,50
3738,81.1,29
3739,104.4,85
3740,116.9,1
3741,74.2,46
3742,141.9,52
3743,129.0,36
3744,79.3,29
3745,35.9,100
3746,87.3,13
3747,80.6,48
3748,83.0,4
3749,46.6,73
3750,87.1,80
3751,64.0,86
3752,33.3,88
3753,125.6,6
3754,78.0,51
3755,96.1,84
3756,69.6,82
3757,85.6,60
3758,105.4,25
3759,66.7,72
3760,58.5,80
3761,81.9,22
3762,79.1,70
3763,88.0,88
3764,65.7,53
3765,73.5,83
3766,95.4,30
3767,142.9,29
3768,75.5,57
3769,72.2,88
3770,115.3,9
3771,30.0,92
3772,31.1,59
3773,104.0,39
3774,56.0,98
3775,100.9,10
3776,111.3,45
3777,103.3,40
3778,81.3,91
3779,147.6,4
3780,94.5,39
3781,105.0,27
3782,106.7,25
3783,135.4,10
3784,76.9,55
3785,123.4,27
3786,33.9,73
3787,27.9,69
3788,93.3,48
3789,100.3,51
3790,104.1,52
3791,31.1,59
3792,31.1,59
3793,31.1,59
3794,68.8,83
3795,123.0,10
3796,62.8,94
3797,80.0,75
3798,41.0,89
3799,151.2,51
3800,113.1,47
3801,47.4,79
3802,101.2,38
3803,106.2,28
3804,91.5,54
3805,107.2,42
3806,36.7,66
3807,106.5,79
3808,111.9,53
3809,121.7,59
3810,95.7,73
3811,116.0,48
3812,98.9,59
3813,119.6,24
3814,48.5,96
3815,74.0,87
3816,70.5,92
3817,55.2,98
3818,29.1,100
3819,125.6,27
3820,92.6,87
3821,55.3,53
3822,92.6,35
3823,69.1,95
3824,86.5,97
3825,86.8,60
3826,44.7,90
3827,35.9,100
3828,72.7,90
3829,128.6,13
3830,56.6,93
3831,90.0,72
3832,122.3,15
3833,60.3,99
3834,92.4,94
3835,121.4,21
3836,103.1,39
3837,59.9,96
3838,72.1,82
3839,85.1,76
3840,85.7,72
3841,82.2,26
3842,93.5,2
3843,69.1,71
3844,153.3,1
3845,144.8,3
3846,109.5,50
3847,59.3,100
3848,102.7,55
3849,98.8,90
3850,120.8,7
3851,66.3,97
3852,70.8,78
3853,54.6,40
3854,88.5,78
3855,86.1,18
3856,70.3,35
3857,69.0,15
3858,117.0,10
3859,74.1,55
3860,83.9,74
3861,109.9,10
3862,100.1,33
3863,28.0,75
3864,62.1,6
3865,109.1,25
3866,97.4,93
3867,133.4,11
3868,83.0,81
3869,77.2,61
3870,65.4,55
3871,82.6,46
3872,79.6,45
3873,120.0,20
3874,40.8,99
3875,40.8,100
3876,109.5,24
3877,34.5,74
3878,31.0,100
3879,69.6,45
3880,78.2,49
3881,85.4,63
3882,110.4,13
3883,86.6,48
3884,88.9,17
3885,97.3,57
3886,104.3,10
3887,110.3,31
3888,114.0,51
3889,85.0,76
3890,77.3,78
3891,118.9,33
3892,87.1,24
3893,91.2,49
3894,85.2,72
3895,79.4,71
3896,126.7,5
3897,85.2,59
3898,65.7,58
3899,107.5,39
3900,82.0,46
3901,111.8,49
3902,75.2,77
3903,78.4,64
3904,65.3,71
3905,111.7,5
3906,37.9,83
3907,126.2,10
3908,101.2,46
3909,56.2,99
3910,79.3,94
3911,98.1,37
3912,72.1,74
3913,121.7,7
3914,112.9,62
3915,89.3,76
3916,88.0,24
3917,71.6,83
3918,117.5,43
3919,91.1,41
3920,63.8,18
3921,66.5,94
3922,80.2,69
3923,63.0,95
3924,77.3,73
3925,93.1,66
3926,91.7,46
3927,75.5,76
3928,108.9,46
3929,133.9,16
3930,143.1,8
3931,46.3,93
3932,89.7,82
3933,92.6,55
3934,91.4,50
3935,90.5,72
3936,85.8,69
3937,80.1,73
3938,88.2,51
3939,100.3,17
3940,80.4,69
3941,43.6,99
3942,76.4,81
3943,27.6,98
3944,96.3,76
3945,85.0,44
3946,91.9,36
3947,108.2,25
3948,80.2,50
3949,96.9,30
3950,103.7,30
3951,92.8,73
3952,82.1,62
3953,35.3,99
3954,97.6,18
3955,66.0,68
3956,71.1,62
3957,84.2,54
3958,89.7,64
3959,86.6,48
3960,102.9,57
3961,124.1,25
3962,105.1,45
3963,95.0,32
3964,66.2,76
3965,99.5,72
3966,110.6,55
3967,96.7,26
3968,66.6,83
3969,68.1,75
3970,77.2,62
3971,89.1,44
3972,94.8,57
3973,75.4,70
3974,72.7,71
3975,90.8,64
3976,75.0,76
3977,91.1,46
3978,99.6,53
3979,55.0,89
3980,93.4,57
3981,85.2,61
3982,88.1,64
3983,88.6,58
3984,75.7,86
3985,104.3,9
3986,33.6,98
3987,78.4,12
3988,88.2,63
3989,62.3,65
3990,123.1,26
3991,97.0,44
3992,126.5,68
3993,95.0,27
3994,115.4,5
3995,119.8,19
3996,112.4,30
3997,99.9,38
3998,142.7,10
3999,95.4,21
4000,95.0,54
4001,82.9,64
4002,109.8,30
4003,32.1,99
4004,78.2,93
4005,90.0,66
4006,34.5,100
4007,86.8,95
4008,72.9,81
4009,96.0,48
4010,148.3,2
4011,110.7,23
4012,119.3,31
4013,83.0,65
4014,75.4,51
4015,63.4,78
4016,67.7,75
4017,92.6,61
4018,126.2,14
4019,105.1,49
4020,52.3,87
4021,95.6,52
4022,76.3,75
4023,67.2,95
4024,88.9,63
4025,149.3,15
4026,127.9,20
4027,85.8,69
4028,154.9,8
4029,101.9,50
4030,134.2,17
4031,98.1,65
4032,47.7,97
4033,82.2,7
4034,73.3,3
4035,102.0,50
4036,47.1,96
4037,62.6,6
4038,53.4,71
4039,72.6,66
4040,112.8,14
4041,82.8,77
4042,104.0,38
4043,73.9,72
4044,78.6,71
4045,94.4,36
4046,78.0,49
4047,87.9,56
4048,79.0,53
4049,93.1,30
4050,74.8,67
4051,70.1,9
4052,25.9,19
4053,100.8,17
4054,94.5,47
4055,77.0,72
4056,88.9,49
4057,75.0,42
4058,70.1,81
4059,57.9,99
4060,95.6,13
4061,84.8,78
4062,87.1,59
4063,82.6,51
4064,96.9,31
4065,89.1,43
4066,85.6,57
4067,87.0,49
4068,93.0,43
4069,89.3,44
4070,85.7,47
4071,134.6,36
4072,77.1,72
4073,26.5,88
4074,68.9,81
4075,107.8,51
4076,33.9,100
4077,107.0,41
4078,61.3,99
4079,74.4,88
4080,82.6,83
4081,64.0,98
4082,84.0,64
4083,76.1,75
4084,109.1,28
4085,98.0,48
4086,90.6,50
4087,78.0,81
4088,77.9,65
4089,79.5,64
4090,88.6,90
4091,82.6,96
4092,57.1,100
4093,107.0,81
4094,106.1,78
4095,82.6,72
4096,67.3,85
4097,78.8,62
4098,91.1,22
4099,62.4,59
4100,66.7,80
4101,76.7,71
4102,89.3,52
4103,80.7,76
4104,77.6,58
4105,52.7,93
4106,67.2,75
4107,69.7,80
4108,75.3,71
4109,70.5,72
4110,78.5,69
4111,102.7,37
4112,68.6,79
4113,79.2,65
4114,65.1,83
4115,68.5,80
4116,77.1,66
4117,78.1,53
4118,58.2,92
4119,69.3,55
4120,63.1,82
4121,78.2,70
4122,77.1,63
4123,74.4,62
4124,84.5,60
4125,64.7,75
4126,85.8,51
4127,78.1,71
4128,55.0,83
4129,84.9,43
4130,140.3,2
4131,69.5,89
4132,117.3,1
4133,92.4,79
4134,96.0,63
4135,85.9,12
4136,92.8,8
4137,92.3,46
4138,93.4,34
4139,105.8,61
4140,93.9,37
4141,39.3,58
4142,96.3,59
4143,138.6,53
4144,117.0,21
4145,111.5,45
4146,98.0,39
4147,84.2,24
4148,76.7,69
4149,60.0,90
4150,82.4,51
4151,99.3,37
4152,71.8,81
4153,58.1,82
4154,63.3,89
4155,82.4,59
4156,79.3,58
4157,108.6,34
4158,96.7,69
4159,91.1,36
4160,94.7,34
4161,110.3,37
4162,134.6,20
4163,100.9,12
4164,89.2,71
4165,85.6,88
4166,117.0,40
4167,132.4,4
4168,152.5,1
4169,87.9,34
4170,95.9,43
4171,86.1,24
4172,79.5,36
4173,77.2,62
4174,85.9,47
4175,89.1,39
4176,80.1,56
4177,91.9,43
4178,53.5,87
4179,52.8,90
4180,90.0,56
4181,31.1,99
4182,109.3,7
4183,77.1,28
4184,74.9,58
4185,79.5,41
4186,105.0,21
4187,109.9,2
4188,118.7,8
4189,63.3,10
4190,54.2,85
4191,51.5,87
4192,89.2,40
4193,95.7,33
4194,56.5,66
4195,89.8,44
4196,80.3,63
4197,84.3,52
4198,84.5,54
4199,87.8,46
4200,61.2,68
4201,89.3,58
4202,89.6,61
4203,101.6,29
4204,46.5,96
4205,107.2,34
4206,45.5,92
4207,66.9,74
4208,118.4,9
4209,39.8,91
4210,80.5,89
4211,58.4,81
4212,89.2,10
4213,92.0,52
4214,144.9,1
4215,53.2,80
4216,38.4,98
4217,71.6,74
4218,76.2,61
4219,72.1,68
4220,34.2,67
4221,95.4,56
4222,126.1,1
4223,93.3,57
4224,79.0,91
4225,76.1,23
4226,78.4,40
4227,83.4,57
4228,87.6,49
4229,90.3,83
4230,88.5,34
4231,80.7,76
4232,86.7,50
4233,107.6,49
4234,133.4,3
4235,81.6,59
4236,39.7,89
4237,75.3,56
4238,78.7,91
4239,84.9,86
4240,92.8,64
4241,89.5,70
4242,96.6,80
4243,89.6,76
4244,88.9,45
4245,94.3,72
4246,77.4,67
4247,105.4,46
4248,66.2,87
4249,121.2,16
4250,100.4,32
4251,81.4,63
4252,89.2,79
4253,65.1,49
4254,108.2,52
4255,123.3,28
4256,77.0,83
4257,77.5,80
4258,89.3,65
4259,121.7,5
4260,133.2,6
4261,82.8,71
4262,99.8,45
4263,102.0,15
4264,95.5,48
4265,137.8,3
4266,82.5,15
4267,54.1,98
4268,134.3,11
4269,82.8,32
4270,85.8,81
4271,82.3,80
4272,69.4,93
4273,106.9,63
4274,31.9,100
4275,115.6,42
4276,110.2,53
4277,77.2,89
4278,97.4,71
4279,84.8,75
4280,89.2,76
4281,102.8,69
4282,89.1,62
4283,88.4,68
4284,86.2,76
4285,95.7,66
4286,115.0,46
4287,89.2,72
4288,117.2,49
4289,80.4,91
4290,144.0,12
4291,92.5,68
4292,79.3,88
4293,61.8,92
4294,71.2,69
4295,37.4,69
4296,69.9,89
4297,79.4,73
4298,101.5,27
4299,39.5,100
4300,91.1,14
4301,78.9,76
4302,69.4,84
4303,111.0,33
4304,86.2,71
4305,145.3,18
4306,104.0,62
4307,77.1,89
4308,78.4,65
4309,88.5,36
4310,82.7,65
4311,111.6,27
4312,64.5,94
4313,64.9,49
4314,82.6,55
4315,99.4,36
4316,87.9,63
4317,67.3,74
4318,90.0,69
4319,109.2,17
4320,97.4,58
4321,84.7,54
4322,69.8,85
4323,94.2,90
4324,97.8,54
4325,50.2,99
4326,104.0,62
4327,61.2,72
4328,82.1,47
4329,120.3,5
4330,73.1,93
4331,68.8,97
4332,73.7,71
4333,86.0,58
4334,77.0,66
4335,79.1,64
4336,81.5,76
4337,74.6,36
4338,70.3,85
4339,78.6,74
4340,93.9,92
4341,95.2,47
4342,94.2,68
4343,81.8,53
4344,67.6,89
4345,82.5,41
4346,57.1,70
4347,74.0,81
4348,75.2,95
4349,59.9,88
4350,56.8,87
4351,101.9,44
4352,68.9,67
4353,69.3,77
4354,95.8,57
4355,87.0,48
4356,68.0,84
4357,145.2,1
4358,131.4,1
4359,102.5,38
4360,136.7,18
4361,83.2,79
4362,137.9,14
4363,60.0,88
4364,61.3,94
4365,138.7,6
4366,96.1,47
4367,104.7,39
4368,67.1,36
4369,80.8,38
4370,119.3,6
4371,100.3,17
4372,87.5,76
4373,76.2,72
4374,77.9,79
4375,39.5,100
4376,61.5,78
4377,67.7,29
4378,66.2,34
4379,65.3,67
4380,54.5,91
4381,72.9,48
4382,82.4,44
4383,85.1,58
4384,86.5,15
4385,69.0,70
4386,64.0,90
4387,78.2,57
4388,80.4,42
4389,75.2,38
4390,92.0,9
4391,80.3,18
4392,122.0,26
4393,77.9,6
4394,76.8,65
4395,62.7,91
4396,68.1,95
4397,75.2,65
4398,46.5,98
4399,101.0,54
4400,47.1,86
4401,105.4,38
4402,79.6,85
4403,38.9,39
4404,46.0,97
4405,101.2,26
4406,78.7,72
4407,91.1,43
4408,109.0,19
4409,59.6,97
4410,72.0,74
4411,107.2,45
4412,73.2,27
4413,103.8,62
4414,95.1,30
4415,88.7,34
4416,96.3,51
4417,43.4,97
4418,97.8,26
4419,89.3,4
4420,125.2,70
4421,75.7,71
4422,41.1,93
4423,23.7,100
4424,101.0,44
4425,80.1,49
4426,33.9,80
4427,124.5,14
4428,83.8,54
4429,28.6,73
4430,57.5,100
4431,96.9,51
4432,121.5,33
4433,49.7,95
4434,88.3,49
4435,102.5,97
4436,96.0,38
4437,33.2,80
4438,120.9,73
4439,97.9,53
4440,106.3,79
4441,109.7,12
4442,102.6,4
4443,107.8,32
4444,128.0,8
4445,91.5,75
4446,45.0,93
4447,70.5,73
4448,133.8,72
4449,67.1,87
4450,56.7,68
4451,74.5,47
4452,103.2,56
4453,97.0,40
4454,103.6,40
4455,131.5,22
4456,133.6,22
4457,109.0,45
4458,37.8,96
4459,98.6,72
4460,36.0,77
4461,83.3,56
4462,76.1,85
4463,65.0,91
4464,109.6,38
4465,116.8,1
4466,100.6,41
4467,101.8,35
4468,77.8,41
4469,97.6,46
4470,74.0,64
4471,81.6,61
4472,77.1,76
4473,72.7,54
4474,64.1,78
4475,75.1,34
4476,92.7,46
4477,91.6,49
4478,41.7,98
4479,60.0,39
4480,99.2,2
4481,105.1,47
4482,111.1,44
4483,141.7,8
4484,91.8,37
4485,147.3,9
4486,29.7,86
4487,42.7,55
4488,40.5,98
4489,63.0,94
4490,70.9,57
4491,83.9,64
4492,84.0,96
4493,73.7,88
4494,57.1,27
4495,89.8,51
4496,102.7,47
4497,54.7,64
4498,120.4,13
4499,124.9,1
4500,96.8,64
4501,61.9,4
4502,77.4,37
4503,122.5,1
4504,77.5,78
4505,71.3,76
4506,69.6,91
4507,96.3,52
4508,62.9,92
4509,73.1,77
4510,60.8,93
4511,67.7,63
4512,90.7,58
4513,132.1,44
4514,120.4,58
4515,67.1,78
4516,72.5,70
4517,47.0,72
4518,40.6,100
4519,88.1,40
4520,79.5,94
4521,112.7,19
4522,106.8,29
4523,61.5,97
4524,77.6,75
4525,76.9,72
4526,111.2,23
4527,79.2,73
4528,131.9,20
4529,93.3,41
4530,99.4,37
4531,115.6,40
4532,81.1,94
4533,23.4,100
4534,107.3,58
4535,148.7,1
4536,104.5,40
4537,64.1,91
4538,73.6,50
4539,76.3,53
4540,82.4,60
4541,41.4,63
4542,85.1,57
4543,101.0,26
4544,75.8,28
4545,111.8,46
4546,58.3,71
4547,71.4,94
4548,77.9,90
4549,70.9,89
4550,63.1,90
4551,89.2,69
4552,93.1,52
4553,93.5,44
4554,72.7,76
4555,89.6,58
4556,78.7,83
4557,70.8,78
4558,65.1,88
4559,83.9,84
4560,96.6,94
4561,77.9,79
4562,73.2,97
4563,92.1,28
4564,33.7,92
4565,99.8,25
4566,136.6,16
4567,92.9,66
4568,98.8,50
4569,88.3,57
4570,118.5,13
4571,127.3,30
4572,105.8,61
4573,87.8,80
4574,101.2,36
4575,29.5,100
4576,105.5,36
4577,78.8,65
4578,88.3,59
4579,57.7,94
4580,72.0,93
4581,86.2,79
4582,87.7,72
4583,88.5,36
4584,110.4,3
4585,99.2,33
4586,76.0,76
4587,115.2,32
4588,87.1,63
4589,75.4,79
4590,74.8,76
4591,110.7,48
4592,129.8,21
4593,112.5,12
4594,104.5,67
4595,121.9,20
4596,68.1,82
4597,69.1,75
4598,72.1,94
4599,98.8,38
4600,52.6,64
4601,34.8,72
4602,42.3,43
4603,79.2,80
4604,24.9,93
4605,106.1,45
4606,79.2,5
4607,77.8,21
4608,88.6,74
4609,64.2,94
4610,83.8,67
4611,147.1,17
4612,117.1,26
4613,66.2,88
4614,86.9,64
4615,79.6,86
4616,78.4,83
4617,76.2,66
4618,82.7,34
4619,131.7,13
4620,87.8,49
4621,132.8,29
4622,89.7,75
4623,97.6,50
4624,151.3,15
4625,130.0,43
4626,96.3,73
4627,71.7,87
4628,75.8,90
4629,111.8,35
4630,76.5,74
4631,45.1,98
4632,41.2,100
4633,70.8,79
4634,62.0,86
4635,62.6,90
4636,99.9,24
4637,98.7,90
4638,84.2,96
4639,100.0,56
4640,122.5,60
4641,98.8,38
4642,75.2,76
4643,82.8,64
4644,83.0,63
4645,39.0,100
4646,56.1,86
4647,94.2,53
4648,27.8,100
4649,27.3,100
4650,108.8,34
4651,51.9,100
4652,98.5,52
4653,80.0,56
4654,37.6,80
4655,59.6,94
4656,42.6,53
4657,70.7,55
4658,87.5,55
4659,79.0,19
4660,54.7,85
4661,111.8,1
4662,103.5,1
4663,115.6,35
4664,88.0,79
4665,72.1,60
4666,92.5,27
4667,83.0,78
4668,45.7,75
4669,97.3,42
4670,70.1,11
4671,125.1,10
4672,71.7,47
4673,98.5,10
4674,63.8,70
4675,59.0,80
4676,41.4,97
4677,91.1,22
4678,80.9,61
4679,82.4,67
4680,86.1,22
4681,75.8,36
4682,77.6,6
4683,98.8,14
4684,60.5,67
4685,67.8,58
4686,40.8,96
4687,70.4,29
4688,84.6,47
4689,95.9,17
4690,83.2,79
4691,80.0,52
4692,75.5,68
4693,59.5,16
4694,130.6,10
4695,97.8,12
4696,136.0,2
4697,86.8,14
4698,98.4,5
4699,83.8,23
4700,80.2,53
4701,94.1,1
4702,107.8,13
4703,61.2,59
4704,68.1,75
4705,94.2,32
4706,77.5,64
4707,59.6,77
4708,98.7,28
4709,81.0,71
4710,81.1,12
4711,70.5,74
4712,64.9,65
4713,85.4,48
4714,97.7,12
4715,127.2,2
4716,41.9,87
4717,73.2,72
4718,85.7,53
4719,65.0,87
4720,104.2,14
4721,108.5,23
4722,109.2,17
4723,79.8,69
4724,75.9,24
4725,71.9,69
4726,58.7,90
4727,110.0,15
4728,75.8,52
4729,83.5,54
4730,23.8,99
4731,113.0,17
4732,31.6,99
4733,46.0,96
4734,94.3,37
4735,97.3,22
4736,89.3,7
4737,90.1,68
4738,74.2,1
4739,46.6,76
4740,98.0,48
4741,72.9,72
4742,28.2,100
4743,91.7,56
4744,88.2,60
4745,93.8,49
4746,57.0,78
4747,93.0,53
4748,93.8,71
4749,60.7,97
4750,141.3,8
4751,85.1,61
4752,85.3,90
4753,145.2,35
4754,131.0,58
4755,111.2,78
4756,90.4,46
4757,68.3,75
4758,78.2,58
4759,60.4,89
4760,85.2,55
4761,78.4,56
4762,103.4,10
4763,92.2,43
4764,73.0,75
4765,89.7,28
4766,112.2,21
4767,75.1,70
4768,84.5,58
4769,95.3,49
4770,78.4,70
4771,90.8,33
4772,99.3,43
4773,81.9,41
4774,83.6,72
4775,93.4,92
4776,92.8,69
4777,92.1,76
4778,109.9,34
4779,80.5,74
4780,55.0,35
4781,73.0,89
4782,87.9,80
4783,120.9,11
4784,118.1,47
4785,69.3,59
4786,89.5,55
4787,110.9,38
4788,72.9,29
4789,88.5,81
4790,115.9,54
4791,94.4,57
4792,50.0,96
4793,90.6,7
4794,55.3,28
4795,93.0,16
4796,39.9,51
4797,33.8,54
4798,103.1,22
4799,83.5,63
4800,74.0,78
4801,97.7,18
4802,109.2,20
4803,64.9,83
4804,128.0,30
4805,93.2,98
4806,46.7,96
4807,98.2,49
4808,65.6,92
4809,59.7,82
4810,102.2,82
4811,73.9,72
4812,127.8,56
4813,62.8,82
4814,96.3,68
4815,86.1,82
4816,144.7,24
4817,98.2,69
4818,125.8,39
4819,92.6,73
4820,119.4,24
4821,57.1,46
4822,130.4,29
4823,116.6,40
4824,110.8,59
4825,80.6,84
4826,100.4,59
4827,101.5,58
4828,137.4,27
4829,87.2,71
4830,84.3,80
4831,98.7,35
4832,38.7,97
4833,92.3,82
4834,86.3,47
4835,83.2,51
4836,81.1,38
4837,62.3,85
4838,70.3,75
4839,92.4,22
4840,76.8,73
4841,98.4,52
4842,97.4,55
4843,94.8,71
4844,78.6,64
4845,79.5,69
4846,91.8,96
4847,93.0,62
4848,65.7,82
4849,92.5,39
4850,49.4,85
4851,152.5,4
4852,47.1,91
4853,62.1,72
4854,40.6,96
4855,29.9,94
4856,77.6,29
4857,118.2,22
4858,68.6,63
4859,30.8,100
4860,79.0,54
4861,39.8,100
4862,66.1,88
4863,66.8,84
4864,97.3,37
4865,127.4,8
4866,79.4,85
4867,78.5,95
4868,97.4,48
4869,92.1,63
4870,52.4,98
4871,95.8,21
4872,140.0,4
4873,94.5,60
4874,74.3,78
4875,92.8,60
4876,126.1,20
4877,85.6,80
4878,79.4,76
4879,74.7,46
4880,61.3,91
4881,86.9,72
4882,101.9,61
4883,78.0,85
4884,75.6,89
4885,85.6,72
4886,63.2,94
4887,81.1,79
4888,91.8,72
4889,81.5,78
4890,93.5,76
4891,85.8,9
4892,101.7,44
4893,57.5,89
4894,73.9,89
4895,51.9,10
4896,46.4,97
4897,107.1,57
4898,31.3,100
4899,85.9,60
4900,60.6,87
4901,84.6,68
4902,83.9,62
4903,94.1,39
4904,68.3,90
4905,28.1,95
4906,93.8,3
4907,62.9,69
4908,55.6,72
4909,43.5,94
4910,74.4,59
4911,93.9,69
4912,76.7,68
4913,78.0,78
4914,97.4,59
4915,110.9,23
4916,80.5,68
4917,99.5,42
4918,137.5,11
4919,78.5,69
4920,96.0,56
4921,129.9,21
4922,118.8,5
4923,48.9,99
4924,107.3,43
4925,114.5,4
4926,84.6,66
4927,49.2,88
4928,58.9,85
4929,82.9,38
4930,107.1,19
4931,73.1,60
4932,56.3,85
4933,85.3,55
4934,77.5,49
4935,97.7,56
4936,63.1,89
4937,86.9,90
4938,44.8,25
4939,71.0,54
4940,101.8,21
4941,84.5,53
4942,91.4,27
4943,62.7,93
4944,91.3,70
4945,89.5,59
4946,99.0,79
4947,37.9,100
4948,56.1,96
4949,82.8,92
4950,93.9,83
4951,82.1,49
4952,85.1,47
4953,103.7,58
4954,69.1,88
4955,116.1,73
4956,99.2,53
4957,84.6,43
4958,91.3,63
4959,66.3,59
4960,31.0,58
4961,75.8,78
4962,88.8,64
4963,81.3,20
4964,93.6,67
4965,82.4,28
4966,84.9,57
4967,115.5,26
4968,134.4,31
4969,73.4,85
4970,104.3,46
4971,66.7,90
4972,86.9,66
4973,41.4,98
4974,48.4,98
4975,91.3,56
4976,114.0,9
4977,83.0,77
4978,95.9,42
4979,41.3,37
4980,110.0,31
4981,89.6,62
4982,89.4,18
4983,126.7,21
4984,75.8,87
4985,82.7,74
4986,36.3,60
4987,115.0,13
4988,88.9,83
4989,100.5,81
4990,102.8,80
4991,101.0,23
4992,110.3,71
4993,104.4,76
4994,87.8,65
4995,143.4,4
4996,136.5,8
4997,52.8,99
4998,112.0,1
4999,99.3,56
5000,84.6,41
5001,110.5,39
5002,72.2,84
5003,96.8,68
5004,70.2,44
5005,99.1,11
5006,79.0,39
5007,63.5,68
5008,53.6,84
5009,44.1,99
5010,92.3,38
5011,57.9,76
5012,81.1,38
5013,63.7,81
5014,73.3,76
5015,109.7,35
5016,99.1,73
5017,58.4,82
5018,73.3,48
5019,58.4,74
5020,59.5,62
5021,77.9,93
5022,123.7,31
5023,68.5,60
5024,81.8,62
5025,59.6,99
5026,73.4,64
5027,71.4,96
5028,76.5,81
5029,76.1,85
5030,106.1,29
5031,78.1,63
5032,44.3,100
5033,95.2,51
5034,67.4,95
5035,57.7,94
5036,67.4,87
5037,76.4,76
5038,74.4,77
5039,81.8,79
5040,81.8,82
5041,61.5,94
5042,83.4,41
5043,106.4,50
5044,80.4,56
5045,66.6,66
5046,129.2,3
5047,105.3,19
5048,54.6,73
5049,60.6,68
5050,117.7,4
5051,70.0,58
5052,43.9,90
5053,98.0,42
5054,93.1,60
5055,100.8,78
5056,145.9,2
5057,80.4,64
5058,120.1,17
5059,142.7,2
5060,96.3,15
5061,77.7,53
5062,105.2,19
5063,104.5,1
5064,86.9,62
5065,35.2,100
5066,86.8,90
5067,84.7,82
5068,116.5,15
5069,31.1,85
5070,45.5,88
5071,75.6,65
5072,105.7,30
5073,57.6,10
5074,93.2,9
5075,78.6,89
5076,42.9,95
5077,108.3,29
5078,118.8,31
5079,85.5,1
5080,128.0,15
5081,54.4,94
5082,45.7,96
5083,77.1,66
5084,78.9,66
5085,50.9,20
5086,43.5,43
5087,29.3,83
5088,105.0,53
5089,92.2,75
5090,95.7,42
5091,110.8,22
5092,111.3,8
5093,126.4,2
5094,100.7,6
5095,39.5,96
5096,123.1,39
5097,128.2,4
5098,75.5,50
5099,59.7,76
5100,80.3,82
5101,96.2,51
5102,104.4,22
5103,78.6,81
5104,98.1,60
5105,68.7,83
5106,87.8,60
5107,83.1,47
5108,93.4,83
5109,45.7,100
5110,99.0,37
5111,134.4,1
5112,127.6,25
5113,88.6,68
5114,97.3,33
5115,122.9,66
5116,63.0,85
5117,38.0,80
5118,67.3,78
5119,92.3,86
5120,94.5,87
5121,71.3,7
5122,128.9,15
5123,115.2,18
5124,108.6,34
5125,142.2,23
5126,57.0,90
5127,82.2,67
5128,41.6,97
5129,62.1,71
5130,56.6,40
5131,79.9,86
5132,74.6,50
5133,82.4,8
5134,74.2,10
5135,84.3,38
5136,68.8,26
5137,117.4,16
5138,67.6,92
5139,100.3,28
5140,76.0,67
5141,51.8,97
5142,121.8,18
5143,28.0,100
5144,117.3,14
5145,89.2,55
5146,91.3,62
5147,105.5,22
5148,36.9,100
5149,94.4,38
5150,72.1,91
5151,98.4,30
5152,94.2,25
5153,99.2,27
5154,81.1,62
5155,116.0,15
5156,97.7,37
5157,142.3,4
5158,131.3,5
5159,127.0,10
5160,133.4,7
5161,125.8,14
5162,109.9,24
5163,100.6,30
5164,134.5,4
5165,138.9,5
5166,107.3,26
5167,123.6,11
5168,117.8,17
5169,117.4,11
5170,112.5,13
5171,116.3,17
5172,126.7,7
5173,112.1,13
5174,119.7,16
5175,95.7,40
5176,94.4,46
5177,93.0,37
5178,99.4,42
5179,85.7,58
5180,48.2,92
5181,90.6,58
5182,42.7,32
5183,122.7,13
5184,101.0,25
5185,112.8,23
5186,64.1,91
5187,60.3,3
5188,111.6,20
5189,127.4,11
5190,89.7,28
5191,61.1,89
5192,80.1,68
5193,58.3,63
5194,80.2,64
5195,115.4,11
5196,74.7,99
5197,61.4,99
5198,146.4,2
5199,51.3,90
5200,53.4,41
5201,37.8,100
5202,60.7,77
5203,69.3,65
5204,49.9,99
5205,44.1,99
5206,64.5,88
5207,41.4,98
5208,63.3,72
5209,68.5,96
5210,145.4,1
5211,71.6,82
5212,90.5,53
5213,103.9,36
5214,128.4,1
5215,81.5,51
5216,69.3,76
5217,67.0,96
5218,118.6,27
5219,80.9,57
5220,104.5,83
5221,83.1,29
5222,130.1,9
5223,110.8,34
5224,79.5,32
5225,126.1,82
5226,44.3,99
5227,39.0,100
5228,54.3,97
5229,89.0,20
5230,96.5,80
5231,66.1,73
5232,75.2,39
5233,84.0,62
5234,95.0,37
5235,89.1,49
5236,97.2,37
5237,88.2,3
5238,90.3,42
5239,85.6,46
5240,60.5,79
5241,113.6,29
5242,58.3,87
5243,97.2,42
5244,103.0,51
5245,120.1,1
5246,75.9,33
5247,111.5,16
5248,124.3,31
5249,83.7,66
5250,85.3,61
5251,71.7,75
5252,118.5,27
5253,128.3,42
5254,120.6,27
5255,60.2,83
5256,127.1,16
5257,78.6,81
5258,127.9,1
5259,74.3,66
5260,69.8,77
5261,79.9,56
5262,111.4,7
5263,59.4,88
5264,122.5,26
5265,117.8,22
5266,91.4,45
5267,82.7,54
5268,90.9,56
5269,98.4,82
5270,27.3,98
5271,93.4,39
5272,55.3,46
5273,68.2,33
5274,62.7,79
5275,107.8,17
5276,86.6,34
5277,51.0,11
5278,37.9,50
5279,118.0,34
5280,105.8,43
5281,39.8,43
5282,63.5,86
5283,56.8,99
5284,84.5,65
5285,99.4,47
5286,98.1,45
5287,92.4,49
5288,71.7,79
5289,99.1,51
5290,73.4,86
5291,88.0,54
5292,107.9,3
5293,89.3,3
5294,40.7,99
5295,126.5,2
5296,67.4,94
5297,132.1,21
5298,55.9,99
5299,55.9,79
5300,72.8,91
5301,117.8,30
5302,83.8,80
5303,80.1,52
5304,99.4,17
5305,140.1,1
5306,91.9,49
5307,75.5,51
5308,71.9,43
5309,61.8,94
5310,101.5,19
5311,40.0,94
5312,96.6,34
5313,80.7,62
5314,61.4,85
5315,64.9,79
5316,86.1,56
5317,87.9,54
5318,61.4,99
5319,135.7,13
5320,93.2,89
5321,68.7,100
5322,73.8,93
5323,115.1,13
5324,55.5,100
5325,35.9,95
5326,96.3,84
5327,89.0,36
5328,120.7,9
5329,95.2,55
5330,116.0,16
5331,99.3,24
5332,96.1,30
5333,98.1,63
5334,92.8,41
5335,84.6,60
5336,83.7,65
5337,97.5,26
5338,106.2,49
5339,109.2,50
5340,147.6,8
5341,69.3,86
5342,114.2,12
5343,95.8,53
5344,137.9,4
5345,86.9,45
5346,150.6,20
5347,36.0,94
5348,103.3,20
5349,72.0,50
5350,127.0,36
5351,104.6,17
5352,143.3,65
5353,118.7,21
5354,104.0,28
5355,110.7,36
5356,78.2,67
5357,127.3,15
5358,93.6,51
5359,85.2,49
5360,92.8,60
5361,100.7,46
5362,83.5,70
5363,133.4,11
5364,84.4,33
5365,85.7,60
5366,78.8,75
5367,128.1,27
5368,91.7,57
5369,87.5,52
5370,132.0,21
5371,129.6,21
5372,84.2,75
5373,145.1,1
5374,23.7,100
5375,57.8,98
5376,112.2,92
5377,97.4,48
5378,98.9,81
5379,48.6,97
5380,99.0,52
5381,112.1,36
5382,101.2,66
5383,122.0,8
5384,111.3,3
5385,72.0,57
5386,98.9,23
5387,80.2,37
5388,46.5,98
5389,132.6,3
5390,103.8,34
5391,90.6,75
5392,80.2,52
5393,88.1,21
5394,89.6,29
5395,88.1,13
5396,75.0,33
5397,41.6,97
5398,97.3,65
5399,53.8,54
5400,65.7,94
5401,61.6,93
5402,74.6,4
5403,80.9,36
5404,80.2,88
5405,54.3,77
5406,76.4,76
5407,53.9,88
5408,93.2,4
5409,76.9,13
5410,95.0,2
5411,99.8,12
5412,66.6,47
5413,64.2,52
5414,111.9,30
5415,71.6,93
5416,51.7,99
5417,55.4,94
5418,86.6,73
5419,59.9,98
5420,86.9,65
5421,84.3,37
5422,95.5,37
5423,74.8,38
5424,87.1,51
5425,109.3,28
5426,87.0,71
5427,134.8,2
5428,45.2,97
5429,59.5,68
5430,95.8,54
5431,77.7,73
5432,72.8,69
5433,88.7,33
5434,75.9,70
5435,98.0,59
5436,56.0,93
5437,106.3,45
5438,100.2,58
5439,98.0,40
5440,70.7,76
5441,102.5,68
5442,77.3,77
5443,72.6,71
5444,73.0,74
5445,56.1,95
5446,81.6,52
5447,78.0,70
5448,74.7,58
5449,114.7,32
5450,99.6,60
5451,64.5,94
5452,94.6,36
5453,116.9,32
5454,49.5,99
5455,59.1,97
5456,82.5,78
5457,71.1,87
5458,110.3,10
5459,85.4,75
5460,123.1,17
5461,85.7,37
5462,75.8,83
5463,78.5,82
5464,62.5,93
5465,72.8,82
5466,77.4,87
5467,119.0,33
5468,81.8,86
5469,66.8,33
5470,72.7,81
5471,132.5,6
5472,121.7,6
5473,65.1,54
5474,140.3,5
5475,83.8,72
5476,93.0,44
5477,66.7,52
5478,93.0,5
5479,100.9,50
5480,95.7,58
5481,136.8,51
5482,97.1,51
5483,103.3,52
5484,141.0,5
5485,140.2,13
5486,154.7,7
5487,139.6,12
5488,127.0,18
5489,73.9,78
5490,78.8,75
5491,36.0,99
5492,69.4,85
5493,74.9,75
5494,83.5,41
5495,66.9,82
5496,99.6,32
5497,72.3,79
5498,63.4,38
5499,85.8,44
5500,84.3,59
5501,72.4,65
5502,62.0,90
5503,79.2,67
5504,72.1,75
5505,67.7,82
5506,143.3,12
5507,79.8,68
5508,85.3,41
5509,82.2,46
5510,73.3,71
5511,106.2,24
5512,132.2,9
5513,80.4,58
5514,80.5,68
5515,62.5,97
5516,96.8,43
5517,92.9,44
5518,76.0,66
5519,100.3,33
5520,85.7,51
5521,119.9,15
5522,93.1,52
5523,67.6,87
5524,97.8,42
5525,102.8,18
5526,84.8,24
5527,79.0,40
5528,83.8,69
5529,125.5,12
5530,77.9,72
5531,117.2,19
5532,113.4,24
5533,79.8,76
5534,97.4,61
5535,133.2,10
5536,142.4,12
5537,30.9,73
5538,145.9,12
5539,126.2,27
5540,97.0,61
5541,97.3,56
5542,63.8,81
5543,68.1,79
5544,87.0,57
5545,135.8,19
5546,24.6,93
5547,62.8,80
5548,129.0,19
5549,50.3,19
5550,90.2,5
5551,45.7,32
5552,126.6,7
5553,144.7,12
5554,28.0,100
5555,24.5,69
5556,102.3,42
5557,68.8,80
5558,78.3,73
5559,63.0,90
5560,97.2,36
5561,87.1,59
5562,65.5,94
5563,104.8,49
5564,73.7,77
5565,79.9,69
5566,86.7,69
5567,87.6,56
5568,90.8,57
5569,78.9,22
5570,150.0,6
5571,134.6,17
5572,94.9,48
5573,101.1,45
5574,86.3,46
5575,133.0,6
5576,136.2,5
5577,79.9,74
5578,89.7,76
5579,85.4,77
5580,111.9,16
5581,96.0,34
5582,76.8,81
5583,77.9,65
5584,72.8,61
5585,97.1,39
5586,108.7,33
5587,134.8,4
5588,145.7,1
5589,83.6,47
5590,56.3,13
5591,98.1,7
5592,73.9,96
5593,107.9,22
5594,84.4,47
5595,87.5,77
5596,94.5,51
5597,105.7,35
5598,103.3,39
5599,93.8,55
5600,101.3,32
5601,85.0,63
5602,92.9,60
5603,70.7,78
5604,90.7,53
5605,91.5,63
5606,47.8,100
5607,105.1,53
5608,81.7,69
5609,118.1,37
5610,110.6,43
5611,113.7,36
5612,138.1,17
5613,123.7,20
5614,86.5,70
5615,100.5,32
5616,90.6,30
5617,90.0,68
5618,89.2,56
5619,78.3,55
5620,74.6,78
5621,99.9,46
5622,110.5,19
5623,153.8,5
5624,41.8,98
5625,76.9,46
5626,74.3,74
5627,92.4,40
5628,108.9,38
5629,141.6,7
5630,79.9,72
5631,126.3,7
5632,111.8,53
5633,92.5,69
5634,151.7,8
5635,82.9,64
5636,41.9,54
5637,98.7,64
5638,107.6,41
5639,80.6,67
5640,119.2,17
5641,115.3,12
5642,88.8,65
5643,70.0,92
5644,88.1,59
5645,85.2,68
5646,84.9,67
5647,79.3,74
5648,89.0,50
5649,69.2,84
5650,127.0,9
5651,106.6,36
5652,49.7,98
5653,50.3,100
5654,93.8,25
5655,137.1,5
5656,102.7,59
5657,79.2,75
5658,100.3,46
5659,70.9,78
5660,69.4,62
5661,59.4,80
5662,59.1,99
5663,111.3,13
5664,94.1,66
5665,95.4,66
5666,89.7,72
5667,92.3,69
5668,99.5,61
5669,91.2,71
5670,90.5,19
5671,82.7,3
5672,122.3,9
5673,91.1,50
5674,83.2,72
5675,124.4,8
5676,114.4,14
5677,93.2,68
5678,93.5,62
5679,56.6,79
5680,95.2,27
5681,74.2,64
5682,129.4,8
5683,64.3,93
5684,95.5,52
5685,85.5,95
5686,73.3,91
5687,39.7,100
5688,72.3,100
5689,149.5,65
5690,67.7,93
5691,74.8,68
5692,90.8,97
5693,60.7,99
5694,79.4,49
5695,65.4,82
5696,100.9,42
5697,74.0,68
5698,75.4,66
5699,69.7,74
5700,75.7,71
5701,97.3,44
5702,95.9,71
5703,70.5,90
5704,97.5,60
5705,107.0,47
5706,104.6,49
5707,85.1,67
5708,75.9,71
5709,82.9,80
5710,80.4,78
5711,103.3,57
5712,75.0,83
5713,85.5,77
5714,117.8,30
5715,70.6,86
5716,74.6,82
5717,117.0,51
5718,115.9,55
5719,106.7,51
5720,82.9,74
5721,105.2,49
5722,84.8,77
5723,93.1,63
5724,101.4,52
5725,85.5,66
5726,89.8,77
5727,67.9,63
5728,72.4,82
5729,83.8,72
5730,72.7,81
5731,58.2,94
5732,96.2,57
5733,102.8,26
5734,33.7,100
5735,90.1,54
5736,78.3,52
5737,75.1,67
5738,82.5,76
5739,39.6,100
5740,71.4,83
5741,93.0,68
5742,100.7,52
5743,147.7,13
5744,111.3,34
5745,111.1,52
5746,69.6,75
5747,66.7,51
5748,154.3,1
5749,102.7,60
5750,117.4,21
5751,93.1,59
5752,149.8,12
5753,129.0,12
5754,81.5,61
5755,122.2,33
5756,92.1,59
5757,136.7,65
5758,119.0,38
5759,82.4,76
5760,60.9,9
5761,111.6,1
5762,44.1,70
5763,75.6,60
5764,60.5,71
5765,41.9,36
5766,56.8,100
5767,59.3,60
5768,73.6,66
5769,59.9,58
5770,46.1,77
5771,99.9,25
5772,94.2,65
5773,74.6,65
5774,103.7,60
5775,58.8,78
5776,122.9,75
5777,31.7,76
5778,53.5,87
5779,66.7,2
5780,90.2,60
5781,76.9,39
5782,79.2,81
5783,30.0,99
5784,70.2,83
5785,87.7,50
5786,87.0,65
5787,141.1,1
5788,94.2,53
5789,105.0,3
5790,76.7,6
5791,65.1,81
5792,56.4,100
5793,26.9,100
5794,105.7,49
5795,100.2,5
5796,143.6,2
5797,120.2,2
5798,109.1,11
5799,113.8,20
5800,72.5,49
5801,146.6,2
5802,135.6,4
5803,71.1,77
5804,106.9,63
5805,31.4,100
5806,87.9,46
5807,144.5,2
5808,39.8,33
5809,89.3,58
5810,25.9,100
5811,71.5,46
5812,68.8,75
5813,69.1,96
5814,101.9,50
5815,124.6,32
5816,83.9,66
5817,104.2,3
5818,24.3,100
5819,91.0,93
5820,83.5,54
5821,101.6,54
5822,89.6,43
5823,70.4,90
5824,77.1,86
5825,131.9,29
5826,88.1,58
5827,75.2,12
5828,109.8,20
5829,92.0,30
5830,91.9,62
5831,108.7,40
5832,93.4,44
5833,112.6,40
5834,63.5,84
5835,78.6,67
5836,36.1,98
5837,48.3,95
5838,99.7,40
5839,28.9,92
5840,78.7,69
5841,31.2,84
5842,39.7,81
5843,109.8,23
5844,33.1,83
5845,101.5,82
5846,79.2,82
5847,85.7,21
5848,62.3,100
5849,93.1,66
5850,66.9,86
5851,75.6,84
5852,81.9,73
5853,75.4,69
5854,102.3,54
5855,68.5,82
5856,86.8,68
5857,83.9,68
5858,97.8,59
5859,82.8,67
5860,104.1,41
5861,72.0,70
5862,105.4,17
5863,81.1,50
5864,99.4,41
5865,100.1,45
5866,97.5,58
5867,76.2,75
5868,78.4,75
5869,83.3,81
5870,64.4,87
5871,44.3,99
5872,95.4,58
5873,100.0,56
5874,93.9,79
5875,38.7,100
5876,65.7,89
5877,105.1,50
5878,98.2,33
5879,93.9,55
5880,23.9,100
5881,85.6,83
5882,80.2,73
5883,43.9,100
5884,108.1,36
5885,24.1,100
5886,84.1,54
5887,106.1,22
5888,77.3,65
5889,88.9,49
5890,149.1,4
5891,104.9,18
5892,77.9,78
5893,83.9,44
5894,75.0,94
5895,66.0,25
5896,69.1,40
5897,87.3,50
5898,106.4,30
5899,105.6,26
5900,63.5,82
5901,54.0,93
5902,68.2,75
5903,82.7,60
5904,81.9,53
5905,65.7,83
5906,82.7,43
5907,124.1,47
5908,87.7,20
5909,153.6,21
5910,73.8,32
5911,97.3,59
5912,89.3,61
5913,79.7,78
5914,97.0,16
5915,115.8,4
5916,77.7,89
5917,80.6,27
5918,32.6,98
5919,31.9,100
5920,79.1,87
5921,76.0,90
5922,88.1,72
5923,66.4,44
5924,67.1,83
5925,94.5,65
5926,92.2,67
5927,91.3,69
5928,95.9,59
5929,92.1,69
5930,49.2,100
5931,73.2,42
5932,69.3,48
5933,109.6,31
5934,94.7,11
5935,61.7,59
5936,89.3,6
5937,62.4,63
5938,83.4,44
5939,114.9,28
5940,89.4,35
5941,44.9,97
5942,96.8,53
5943,89.3,57
5944,35.5,99
5945,66.9,75
5946,52.5,81
5947,95.9,66
5948,44.5,99
5949,118.3,21
5950,35.9,100
5951,82.8,28
5952,70.7,91
5953,64.1,64
5954,85.3,2
5955,88.8,47
5956,64.8,99
5957,83.0,84
5958,80.0,64
5959,27.0,100
5960,143.5,5
5961,107.1,23
5962,88.6,40
5963,87.6,84
5964,51.1,85
5965,94.7,23
5966,102.6,33
5967,79.9,11
5968,77.0,65
5969,85.8,51
5970,76.6,68
5971,107.2,30
5972,93.3,59
5973,128.7,12
5974,131.0,1
5975,93.5,30
5976,78.6,13
5977,83.9,56
5978,90.1,42
5979,41.0,99
5980,118.1,31
5981,104.9,61
5982,82.5,34
5983,38.1,78
5984,108.5,46
5985,93.0,55
5986,36.5,87
5987,88.5,6
5988,90.2,44
5989,38.4,47
5990,25.3,89
5991,55.8,16
5992,91.2,25
5993,97.5,39
5994,112.3,35
5995,85.9,65
5996,98.6,25
5997,84.1,69
5998,47.9,81
5999,47.7,81
6000,48.1,80
6001,128.4,11
6002,92.3,48
6003,65.8,89
6004,76.0,66
6005,97.8,43
6006,82.6,68
6007,104.6,43
6008,107.6,38
6009,87.4,29
6010,137.3,14
6011,110.3,26
6012,87.2,57
6013,81.9,76
6014,97.0,24
6015,57.2,90
6016,43.8,86
6017,64.9,53
6018,77.2,21
6019,43.7,96
6020,75.6,73
6021,54.0,85
6022,42.7,94
6023,81.7,55
6024,127.5,6
6025,92.7,38
6026,72.4,68
6027,129.4,4
6028,64.5,74
6029,112.1,16
6030,53.5,81
6031,67.8,60
6032,138.5,3
6033,88.1,30
6034,119.9,8
6035,74.8,54
6036,101.7,18
6037,139.9,3
6038,55.4,82
6039,30.6,100
6040,56.4,83
6041,51.0,92
6042,133.3,6
6043,98.8,36
6044,62.5,88
6045,77.8,70
6046,108.6,26
6047,100.4,11
6048,104.5,21
6049,98.5,27
6050,110.3,31
6051,118.6,48
6052,89.8,26
6053,110.5,28
6054,95.3,37
6055,117.0,27
6056,85.7,66
6057,84.7,63
6058,113.4,44
6059,79.8,69
6060,53.8,33
6061,36.3,72
6062,81.9,63
6063,63.9,93
6064,100.8,44
6065,39.0,17
6066,89.5,22
6067,122.4,1
6068,66.6,85
6069,73.6,57
6070,66.1,65
6071,100.5,27
6072,32.1,100
6073,83.4,57
6074,102.8,13
6075,133.4,13
6076,123.3,13
6077,141.8,30
6078,100.4,18
6079,70.1,53
6080,121.6,36
6081,93.0,48
6082,93.4,63
6083,91.7,34
6084,83.2,69
6085,106.9,28
6086,84.1,55
6087,119.1,37
6088,53.8,91
6089,91.9,39
6090,68.6,89
6091,78.9,45
6092,89.1,51
6093,74.1,30
6094,85.7,43
6095,147.7,22
6096,73.9,91
6097,103.4,9
6098,60.2,98
6099,71.3,40
6100,58.4,99
6101,52.4,38
6102,89.3,5
6103,98.9,94
6104,113.1,29
6105,102.1,36
6106,137.5,16
6107,97.5,34
6108,48.3,97
6109,118.2,32
6110,70.6,46
6111,70.6,50
6112,147.9,8
6113,107.0,27
6114,69.1,84
6115,52.4,100
6116,70.7,82
6117,31.4,86
6118,33.3,81
6119,39.3,61
6120,28.8,92
